,industry,wr1,wr2,wr3,wr4,vol1,vol2,vol3,vol4,pe_ratio,debt_to_equity,quick_ratio,total_shareholder_return,profit_margin,free_cash_margin,volatility,cpi,interest_rate,unemployment_rate,sma,rsi,ema,label
0,Technology,0.0184555200558772,-0.0220850223627678,0.0745088564931084,0.0087516130229547,199900.0,158700.0,199800.0,158600.0,17.96,0.27,0.62,0.14,3.58,-5.59,0.0324870621300921,287.504,0.33,3.6,42.17,51.77157148812,42.022083333333335,1
1,Technology,0.0777777565850151,-0.0249186948692525,-0.0435233256887851,-0.0306379013072092,92500.0,25900.0,82400.0,16100.0,13.81,0.02,0.88,0.23,1.43,12.52,0.0329975241129857,256.143,2.38,3.6,19.16333333333333,100.0,19.13958333333333,0
2,Consumer Discretionary,-0.0099104673094829,0.0017043282297556,0.0181770403643102,0.0386139242024708,536700.0,441600.0,924400.0,813700.0,26.21,0.95,0.89,2.91,12.61,18.3,0.0188594075890566,256.143,2.38,3.6,232.44333333333336,41.52637485970846,232.5575,1
3,Energy,0.0335473844133944,0.0068609932612746,0.011342389751829,0.0029443965710681,1450900.0,846500.0,846500.0,1045700.0,1.46,0.2,0.56,-7.81,41.22,39.26,0.0267100793876752,303.363,4.83,3.4,77.23,76.41277641277642,77.84583333333333,1
4,Consumer Discretionary,-0.0347376696392729,0.0040874717959926,-0.0016569471600914,0.0462061148024336,961100.0,701700.0,786800.0,954900.0,23.9,3.16,1.28,2.22,4.81,11.13,0.0181390669762464,264.877,0.07,6.1,154.73333333333332,19.56926349375169,154.03708333333333,1
6,Industrials,-0.0182375804951952,0.0068684155867484,-0.0055045458904576,0.0357834671408148,512100.0,564100.0,725100.0,573700.0,13.11,1.06,1.09,4.71,10.75,-5.23,0.0173845078648953,296.808,2.33,3.5,478.42,15.323906609667784,478.94916666666666,1
7,Industrials,-0.0107452625705962,0.186361976745129,-0.0418767101805297,0.0117694734612691,955100.0,890900.0,1456600.0,1534500.0,29.84,0.09,1.55,1.91,1.12,7.83,0.0245880523974434,241.353,0.41,4.7,58.32666666666666,28.384687208216462,58.24333333333333,1
8,Consumer Discretionary,0.0055745213647116,0.0078750677828225,0.0175256754982559,0.0194428919635459,581600.0,401000.0,351500.0,537900.0,25.56,0.87,0.96,2.83,12.09,15.21,0.0188831759565947,256.092,2.38,3.7,219.80000000000004,55.852609554806406,219.52541666666667,1
9,Industrials,-0.0331491947676061,0.0091435825365827,0.0231212565494407,0.0336754771997285,189800.0,142200.0,162800.0,151700.0,26.69,0.85,0.93,1.25,11.63,10.18,0.0228504181643167,273.003,0.1,5.4,133.56000000000003,4.956117707795473,132.97416666666666,1
10,Technology,0.0071929941986202,-0.0842902946811712,0.0307338005630767,0.0188381213176116,2656400.0,2530000.0,4729200.0,6858200.0,40.15,1.7,0.49,-0.14,9.44,37.6,0.0307069832215816,260.28,0.09,7.9,51.08833333333333,70.83466581387917,51.32770833333333,0
11,Utilities,0.0320660579442058,-0.0013205300824042,0.0352018073951514,-0.0141510661407373,2754600.0,2752600.0,3639400.0,5005600.0,13.74,1.85,0.44,2.44,23.77,3.63,0.0134230362319176,252.885,2.19,3.8,30.97666666666667,92.09370424597364,30.99,0
12,Health Care,0.0140318063557033,0.0354561498818701,-0.033404712497603,0.0009835365699993,1732763.0,898208.0,1437870.0,1336190.0,492.76,1.51,0.8,-0.29,0.59,12.69,0.0165523815489747,241.353,0.41,4.7,171.95666666666668,55.61452899826648,171.36073333333334,0
13,Finance,-0.0639843427223311,-0.002843672763489,0.0192551818849845,-0.0488994175631115,1302100.0,2480700.0,2656700.0,2070100.0,28.83,12.37,1.04,3.66,36.53,43.28,0.0187130385083548,257.346,1.83,3.6,239.63666666666663,23.91377005347597,240.415,1
14,Utilities,0.0136947079577305,-0.00771560490188,0.0219751805249275,0.0168242974762399,3128800.0,4361300.0,2147100.0,3143600.0,25.46,1.5,0.19,7.7,9.38,-18.47,0.013368868301771,274.31,0.08,4.8,78.57,66.36280765724688,78.70916666666668,0
15,Health Care,0.0182490798622826,-0.0263775880913698,0.0262122941337757,0.027921439121285,1164800.0,1180800.0,782600.0,932700.0,11.58,0.74,1.24,7.7,10.3,15.45,0.0192111646760026,298.012,3.08,3.7,128.05666666666664,47.79499404052437,127.39166666666668,1
16,Industrials,-0.0188793318326667,0.0370755513792504,-0.0481378505001916,0.0148773918504855,2281800.0,1847300.0,2761600.0,1822300.0,38.5,1.06,0.86,1.48,11.71,11.41,0.0268698799716659,307.026,5.33,3.8,48.946666666666665,15.081967213114794,48.98125,0
17,Technology,0.0479135197171331,-0.0225564473574791,0.0334162902274164,0.0256263244344794,1385500.0,1549100.0,3895700.0,1776300.0,49.93,2.99,0.63,1.37,12.69,56.26,0.0290857346736044,305.109,5.08,3.6,205.32333333333332,100.0,205.0858333333333,0
18,Consumer Discretionary,0.0675409869128343,0.0041556808921625,0.0127043667727816,-0.0306343243674265,3369700.0,3366100.0,2939200.0,3275300.0,28.94,0.79,1.17,2.85,14.31,30.66,0.0188506498470534,252.776,2.4,3.8,135.84,88.03483528966312,135.53125,0
19,Consumer Discretionary,0.0021614517208921,-0.0348868498916071,-0.0163288197499871,0.0226370426300963,1323400.0,805000.0,1209500.0,936300.0,19.98,0.95,1.48,-0.23,3.9,-2.97,0.0211315701349136,246.669,1.16,4.2,217.4333333333333,54.76744186046511,217.4358333333333,0
20,Industrials,0.0117234128379514,0.0421346237516775,-0.0309740447075718,0.046407222371755,771000.0,833100.0,764300.0,951800.0,39.4,0.51,1.61,2.1,26.63,22.89,0.0268345651797381,278.802,0.07,3.9,160.39333333333337,53.70138017565876,159.92583333333334,0
21,Consumer Discretionary,-0.1271076608336269,0.0139019666509602,-0.0685914589497868,-0.0255754469049439,7665800.0,2752500.0,3222900.0,1689000.0,18.56,3.64,0.47,6.29,3.62,-11.06,0.0338083136755056,236.916,0.36,4.8,49.18000000000001,0.0,48.8375,0
22,Consumer Discretionary,0.0528989909914495,-0.0379794287497929,0.0460207459121418,0.0809240261060243,9463400.0,9491300.0,17407300.0,12193200.0,33.57,0.51,1.23,3.38,12.47,13.53,0.0243774016370177,299.17,4.33,3.4,79.83,90.2669820885434,79.93333333333334,1
23,Utilities,0.002317592473964,0.0056978774833787,0.0168557716148566,0.0074291248862717,2343500.0,1661700.0,1877100.0,3095100.0,16.17,1.96,0.35,3.17,16.93,-2.2,0.0134738359619014,245.519,1.16,4.4,38.693333333333335,66.72325976230918,38.779583333333335,1
24,Consumer Discretionary,0.0271026191009137,-0.016849764627547,0.0344548777415241,0.0065280717845817,2416800.0,2816600.0,2498300.0,2179100.0,23.54,0.17,0.32,3.1,7.75,2.85,0.0276725095905177,237.336,0.12,5.1,51.633333333333326,81.2499999999999,51.45166666666667,0
25,Technology,0.0428570873355265,-0.0190114062138163,-0.0305423274322502,-0.1211588657567651,28288200.0,30242500.0,23328600.0,26323900.0,19.04,0.11,2.22,2.5,17.92,21.06,0.0194444818211796,301.836,4.57,3.5,94.59,65.6376929325752,94.1125,1
26,Consumer Discretionary,0.022276597015408,-0.0353658733963721,0.0197270956965998,0.0322216289499377,6898800.0,6151300.0,6211900.0,5937800.0,96.37,1.98,0.58,-0.66,3.2,-30.43,0.037117421908721,254.202,2.4,3.8,353.6866666666668,71.86850788219479,355.27791666666667,0
27,Basic Materials,-0.0046728401875084,-0.0186821968632492,0.0006796753465631,-0.0506613864680351,5029900.0,3152800.0,3942800.0,3143800.0,17.68,0.26,1.85,3.0,21.21,18.92,0.0251622246580885,273.567,0.08,5.2,57.44333333333333,46.613545816733,57.55499999999999,1
28,Consumer Discretionary,0.0202626988088911,0.0007510498833638,0.0390167784917746,-0.0138515049450527,602000.0,447500.0,529000.0,365100.0,-40.29,1.7,0.81,-1.16,-5.55,28.41,0.0344607392455721,237.805,0.12,5.6,27.31,62.92134831460699,27.210833333333333,1
29,Industrials,-0.0350978945845103,0.0348470189150864,0.0110911979259571,0.0361857017782731,978200.0,988900.0,1328200.0,4194800.0,19.0,0.71,0.69,4.97,32.25,19.84,0.0172042230562294,241.432,0.66,4.7,67.05000000000001,15.195369030390976,67.27666666666667,1
30,Utilities,-0.0025040074649633,0.0068758225698055,0.0263788830242964,0.0202381345253408,6395784.0,3817225.0,4731049.0,4735535.0,10.77,1.18,0.6,-0.33,6.67,5.45,0.0146132995760472,252.146,1.92,3.8,43.623333333333335,57.79569892473121,43.71041666666667,1
31,Industrials,-0.0052778760488208,-0.0205263909888684,-0.012462504922822,0.0319182503352066,456000.0,240900.0,189400.0,299800.0,18.76,0.27,1.33,2.15,2.78,-0.74,0.0241839701124877,244.733,0.91,4.4,63.48333333333333,57.32972485340546,63.62625,0
32,Consumer Discretionary,-0.0728786926211717,0.0378173337080021,-0.0717151588202484,-0.0187007463815756,6456900.0,2190000.0,2515100.0,3717600.0,21.77,1.7,1.15,-0.92,-2.08,-2.15,0.0270881904528409,256.394,0.05,13.2,18.38333333333333,16.603773584905586,18.238333333333333,1
33,Consumer Staples,0.0052023382175305,-0.0110801920290501,-0.0111524949581732,0.0703663265220658,1861100.0,1555700.0,1929000.0,1911500.0,9.98,2.6,0.58,2.14,7.51,18.28,0.0155912754113799,256.394,0.05,13.2,50.56,42.85714285714299,50.41875,1
34,Consumer Discretionary,-0.0102524332672109,0.0309543591180642,-0.0093997699094414,-0.0551312049354986,57840000.0,62586000.0,90740000.0,81278000.0,90.76,0.98,0.88,-1.59,6.58,2.24,0.0370433326258419,260.474,0.09,6.7,159.21400000000003,29.664676290775343,158.88622916666668,0
35,Technology,0.092622825392551,0.0454156178775482,-0.0185030755649454,0.0206007632695423,8704800.0,10065600.0,6331800.0,4440300.0,-37.35,0.28,1.43,-0.62,-12.45,6.69,0.0348507528791235,257.208,1.55,3.6,26.83333333333334,76.20357634112798,26.52041666666667,1
36,Technology,-0.0104778121547656,0.0417689083930829,0.0071796911593459,-0.0088951052918402,6571000.0,7606400.0,5687600.0,6287700.0,36.09,4.82,1.57,10.37,17.27,29.72,0.0313921520415441,259.101,0.1,10.2,92.08666666666667,47.083583884545966,92.42333333333332,0
37,Industrials,-0.0019745333832975,0.0554904669301507,0.0318547865969226,-0.030492568103486,1755400.0,2765900.0,3123200.0,2941300.0,5.67,0.56,5.8,8.95,29.69,34.82,0.0290148397971552,307.789,5.33,3.8,81.45666666666666,41.153435386258494,81.31666666666666,1
38,Consumer Discretionary,-0.0104913253207345,0.0157037775419516,-0.003910536929037,0.0731414212782825,1730200.0,2929500.0,732700.0,1108400.0,14.12,0.83,0.83,1.27,6.35,6.42,0.0233625380745728,260.474,0.09,6.7,35.73333333333333,38.818565400844,35.906666666666666,1
39,Technology,0.0297412606742275,-0.0675646816905414,0.0202836360569864,-0.0046814377749827,19210400.0,23224200.0,18201400.0,18764200.0,24.73,0.1,1.87,3.33,25.67,29.47,0.0193794114410624,307.671,5.33,3.9,133.43999999999997,61.21222830888872,133.3420833333333,1
40,Technology,0.0085239879646164,0.0103072100079941,0.0375712105427246,-0.0018959903458151,1037500.0,490900.0,672700.0,672700.0,29.03,1.25,0.74,-0.94,18.53,55.69,0.0178673342234533,242.839,0.66,4.7,150.80333333333334,51.24851367419727,150.67916666666667,0
41,Industrials,-0.0066429071751484,0.0115830291316579,-0.0125720104584914,0.0697675900891989,1968900.0,2130300.0,3186700.0,3170100.0,597.2,2.64,1.42,1.74,7.08,18.5,0.018778888834366,245.519,1.16,4.4,113.40333333333332,43.21608040201039,113.60458333333334,1
42,Health Care,0.0687037408078353,0.0674662388634755,0.005084779788494,-0.0347678983886935,953800.0,572800.0,484600.0,428800.0,81.25,0.03,0.88,2.63,9.31,14.4,0.0383873112862457,305.109,5.08,3.6,318.59,92.58430557775291,318.68499999999995,1
43,Technology,0.0194126793308711,-0.0007459638241684,-0.0170485396804801,-0.0393074555183051,9326700.0,9298800.0,10717000.0,10470900.0,19.11,0.86,3.94,3.48,25.75,36.71,0.0318239125392657,238.654,0.14,5.2,40.84333333333333,98.0722891566269,40.83083333333333,0
44,Utilities,-0.0119812885718661,0.0010230005934965,0.0262466011619054,-6.515552330212362e-08,2835500.0,4103600.0,3182000.0,2805600.0,15.46,1.76,0.28,3.07,-0.6,-35.52,0.0145320167050744,237.336,0.12,5.1,19.076666666666668,39.82300884955745,19.155416666666667,0
45,Technology,-0.0769782242763023,0.049134144167835,-0.0413281718947154,0.0326126626625301,19179500.0,4796800.0,7089700.0,7850500.0,-17.12,0.97,3.4,3.86,6.32,6.34,0.031768247778271,250.546,1.7,4.0,53.07999999999999,7.079646017699097,52.67666666666666,0
47,Technology,0.02940495302409,0.1148106047637698,0.0574663318080909,0.0003810336136938,3429400.0,2412200.0,3606200.0,11256800.0,-98.86,0.75,1.35,-4.24,-2.64,8.54,0.0245788636825274,260.28,0.09,7.9,232.7433333333333,42.17726258189936,229.2645833333333,0
48,Technology,0.030912592152788,0.02566692947335,0.0291073306286595,0.009832834721666,917400.0,3321800.0,7550000.0,2718600.0,57.67,1.83,0.52,0.21,8.14,28.3,0.0302919121015733,256.974,1.55,3.6,52.45,100.0,52.2575,1
49,Consumer Discretionary,-0.0723524341060543,0.0087844139911678,0.0002584148031281,-0.1070727789438517,2000077.0,1329402.0,1007780.0,1007780.0,29.43,4.33,0.89,-13.73,-1.74,0.67,0.0351533985878277,277.948,0.07,4.2,44.48996666666667,7.1509767397431245,44.35479166666667,0
52,Energy,-0.0652325307536667,-0.0166506752989928,-0.0600623019672406,-0.0201526802737582,8193800.0,8727300.0,9260000.0,7502000.0,15.07,0.47,1.51,4.91,18.31,17.82,0.0195597668740124,252.885,2.2,3.8,67.94999999999997,25.330257915705616,67.92083333333333,1
53,Consumer Discretionary,0.0054033682293101,0.0048866789544895,0.0563520552670621,0.03887971518812,712200.0,523900.0,626000.0,996200.0,13.95,1.39,1.59,7.18,8.18,8.21,0.0212404609234831,240.849,0.4,4.9,74.67999999999999,49.22480620155067,74.60291666666667,0
55,Industrials,0.0109626202967335,-0.0434212471915933,0.0116030686986085,0.048306033705742,1177800.0,1023000.0,1418300.0,1281900.0,48.56,0.69,0.72,2.61,-2.64,11.28,0.022222274936291,249.554,1.42,4.0,59.48333333333334,46.19883040935672,59.29333333333334,0
56,Technology,-0.008834299693172,-0.0127632098605343,0.0559298705787706,-0.0078002781915018,16500200.0,19806700.0,20581700.0,18514000.0,-35.82,0.78,1.37,-8.2,-50.03,10.82,0.0374090982160058,276.589,0.08,4.5,46.70666666666667,34.620505992010706,46.565,1
58,Consumer Staples,0.0211531044745153,-0.0153071285833097,0.0143474749786079,-0.0060558227565961,4997400.0,9458600.0,4101400.0,5184600.0,44.45,0.01,3.68,1.27,19.94,14.99,0.050312912628082,301.836,4.58,3.5,51.88833333333333,65.91639871382651,51.857083333333335,0
60,Consumer Discretionary,0.0586722565606744,0.1310908896019037,-0.021352266372251,0.0784877352561987,1940125.0,2540379.0,2527657.0,3687395.0,15.19,3.02,0.88,23.88,2.88,4.25,0.0354649537036475,256.571,2.4,3.7,21.938,81.01833582516772,22.090379166666665,1
61,Health Care,0.0258532501257905,0.181874957203359,-0.0022014487198208,0.029110017472533,8677200.0,5973600.0,6967200.0,13438400.0,198.03,1.3,5.05,-9.07,20.03,21.52,0.035971568490148,258.678,1.58,3.5,73.78666666666668,51.937457511896646,73.47125,1
62,Consumer Discretionary,-0.0340479757090862,-0.0202619142597093,0.034773730225706,-0.0121242621971788,1557900.0,1225100.0,1091300.0,1620700.0,22.53,1.04,0.76,0.8,1.04,2.51,0.0268953718187489,307.671,5.33,3.9,39.02666666666666,13.351877607788657,38.860416666666666,1
64,Consumer Discretionary,0.0542211943627184,-0.0239665358055002,0.0358431883226215,0.0315721950660389,939400.0,1220400.0,684000.0,1156000.0,19.2,0.55,0.62,-1.54,8.17,0.9,0.0194226959315759,246.663,1.16,4.2,155.5566666666667,100.0,155.24291666666667,0
65,Industrials,0.0075387999943572,-0.0825603421133254,-0.0121321229679933,-0.0036859737854521,1002600.0,979700.0,844200.0,1162200.0,22.5,0.97,0.54,1.42,10.13,14.08,0.0202490289076503,287.504,0.08,3.6,273.52666666666664,57.555919258047005,273.41791666666666,1
66,Basic Materials,0.0222154027303725,-0.0614540451791278,0.0008237220030669,0.01448446393736,6857558.0,9367459.0,5675155.0,5886038.0,16.66,4.0,0.95,6.54,4.74,13.48,0.0199154320675818,237.111,0.38,4.9,32.89176666666666,74.27322662571582,32.93318333333333,0
70,Consumer Discretionary,0.0124693948327187,-0.0467101227769656,0.0077611774680414,-0.0035305752948325,877500.0,528500.0,1019300.0,1358600.0,22.68,3.62,1.11,4.51,1.79,10.76,0.0148574986216901,244.524,0.91,4.4,57.580000000000005,82.52032520325182,57.54083333333334,1
73,Energy,-0.0381638190021951,0.0296127673025788,-0.0684351792838597,0.0679887158803208,973900.0,1626100.0,1718200.0,1962400.0,28.55,0.14,0.83,-22.03,29.18,-10.43,0.0227425506280231,252.006,1.91,3.8,17.41333333333333,7.917888563050145,17.469583333333333,1
74,Health Care,0.0212184375450726,-0.0383277706644222,0.0159091247708619,0.0533906486805316,1365400.0,1579400.0,1102700.0,1027300.0,33.97,-3.71,0.47,8.32,1.14,-1.55,0.0204260190521203,296.808,2.33,3.5,364.88333333333327,68.12343619683062,363.9016666666666,1
75,Technology,-0.0078502547628265,0.092875372974355,-0.0354652270711734,-0.0281730065846325,9807592.0,10369055.0,11457520.0,9478375.0,-273.17,1.68,0.81,-0.02,6.49,10.98,0.0178579715834712,276.589,0.08,4.5,82.097,41.90698235317764,81.95848749999999,0
77,Energy,0.0312313373265295,0.0206523404857906,0.0354465726502755,0.0057270931425042,2917000.0,6490300.0,2350400.0,2171100.0,-27.72,0.31,2.23,-13.33,1.85,-0.51,0.0280362733713557,241.432,0.41,4.7,189.38666666666668,53.60119047619052,187.07125,1
78,Consumer Discretionary,-0.0134228407419675,0.0084602730219914,0.0119863015127464,8.344391042196085e-08,11807200.0,12455000.0,18282700.0,8287100.0,18.73,-2.93,0.24,8.38,15.99,23.17,0.050465586529985,299.17,4.33,3.4,5.836666666666666,36.6666666666666,5.8675,0
79,Consumer Discretionary,0.0073414521264155,-0.0333332916974557,0.0084033495146422,0.0042192928088167,12849900.0,12636000.0,19249400.0,14631600.0,36.94,-4.7,0.11,3.7,20.46,33.94,0.0543512214490938,252.146,1.91,3.8,6.934999999999999,68.10631229235888,6.955833333333333,0
80,Industrials,-0.0405302108371437,0.0048667679880462,0.03362458147661,0.0205350491947545,764200.0,830500.0,1068500.0,523200.0,18.83,1.07,1.76,-4.07,6.51,4.25,0.0166915056524155,244.733,0.91,4.4,37.52666666666668,18.254879448909183,37.71333333333334,0
81,Industrials,-0.0128256872469423,0.0303532562687712,0.0074749013705099,0.0377075486402494,858800.0,858800.0,714300.0,918100.0,21.58,0.6,0.96,3.72,13.85,17.77,0.0186076847258673,238.132,0.37,5.0,49.22666666666666,25.56053811659174,49.31583333333333,1
82,Consumer Discretionary,-0.0678468674802988,-0.0710161851047245,0.0140210960437351,-0.1148864045734575,804700.0,1358500.0,1080300.0,2699900.0,9.28,1.03,0.14,11.51,12.49,5.69,0.0310329562747152,296.808,3.08,3.5,130.97333333333333,17.528201313995304,131.09708333333333,0
83,Technology,-0.0311245444052312,0.0213490774080188,0.0129515122552325,-0.0223047206772788,1641400.0,2656900.0,1739200.0,2209600.0,29.68,-2.1,1.07,1.84,7.87,6.61,0.0197895231678278,281.148,0.08,4.0,84.3,29.635201203459992,84.62208333333334,1
84,Telecommunications,-0.0012367707855095,0.0008143586960571,-0.0218953355341891,0.0155647884372651,17269600.0,18456100.0,14327600.0,8952800.0,16.2,4.96,0.79,4.65,11.57,-5.67,0.0152980830634399,244.524,0.91,4.4,48.54333333333333,29.230769230769194,48.635000000000005,1
86,Health Care,-0.2972301496489135,-0.0243794407694965,-0.0407833239074279,-0.0527755764906333,2731900.0,5187000.0,2006900.0,1128700.0,64.41,0.03,1.03,1.8,12.65,27.66,0.0383492556994087,307.671,5.33,3.9,189.41333333333333,0.6691711669405883,197.6279166666667,0
87,Utilities,0.1449158506478653,0.0204248103357523,0.0417020643135514,-0.087024215808894,9202300.0,5804000.0,5416500.0,6523200.0,30.82,8.31,0.69,3.95,6.16,-8.68,0.0313855713732385,257.797,0.07,11.0,13.923333333333332,100.0,13.903333333333334,1
88,Consumer Staples,0.0014892362452674,0.0081748730151172,0.011987019712176,-0.058196729228661,2745300.0,2272100.0,2114800.0,2282400.0,21.86,2.39,0.41,5.35,9.43,11.18,0.0134037191872082,243.801,0.66,4.4,60.57333333333333,49.88864142539002,60.5125,0
89,Health Care,-0.0906890113271617,0.0521222399941975,0.0529507111075731,-0.0288676400837125,8060200.0,4735800.0,3131300.0,4566800.0,19.01,0.55,0.7,3.82,4.37,2.26,0.0268957925458325,237.945,0.13,5.0,116.71999999999998,1.8530774321641013,116.00166666666668,1
90,Health Care,-0.0491491685389689,-0.0055805141827424,-0.0365938365580183,0.0229752174289394,695100.0,909000.0,287600.0,417100.0,47.16,19.82,0.78,1.89,12.59,19.68,0.0263638822801974,241.729,0.41,4.9,105.54333333333336,25.586947871070382,106.03791666666666,1
91,Utilities,-0.009664346032983,0.0392154584571691,-0.151379752535556,0.0943817125646547,4627200.0,4101600.0,2798800.0,3732500.0,21.07,26.74,0.42,9.48,1.32,3.65,0.0195271840989177,237.111,0.38,4.9,21.41,50.15511892450879,21.41166666666667,0
93,Industrials,-0.0231188993783513,-0.0075745740696932,0.0119171590746518,-0.0103682289904381,1225600.0,1225600.0,1286300.0,1411200.0,30.48,0.81,0.88,0.7,18.74,13.23,0.0202408684072173,289.109,0.33,3.6,572.6100000000001,32.113394330283455,572.7408333333333,1
94,Consumer Discretionary,-0.0359524954238842,0.0309598574961111,-0.0101303023375451,-0.0732149813637745,1693000.0,1693000.0,2692100.0,3477800.0,32.1,0.29,0.49,2.01,25.9,26.56,0.0217808903532156,296.276,1.58,3.5,115.2666666666667,25.709860609189427,115.925,1
96,Consumer Discretionary,-0.0033367385262941,0.0043303781269947,-0.0298743157379441,0.026854250165359,282800.0,343600.0,337600.0,297600.0,24.82,11.79,1.49,7.18,7.04,74.14,0.0393933114331438,304.127,5.08,3.7,2699.456666666667,34.91925602743537,2676.8075,0
97,Telecommunications,-0.0454305215350048,0.006761679323677,-0.0095340546833456,-0.0527467891529315,1087900.0,1370100.0,2883000.0,834100.0,8.44,1.8,0.2,-26.37,90.11,11.48,0.0169907857724281,249.554,1.44,4.0,328.69000000000005,10.040237593408737,328.8729166666667,0
99,Consumer Discretionary,-0.0070777959619358,-0.0074551692377004,0.0283058970755304,-0.0619163172311119,576900.0,724400.0,223000.0,213300.0,14.1,0.3,3.67,2.03,18.72,17.31,0.0187991123967222,287.504,0.08,3.6,204.51,56.985871271585566,205.19791666666669,1
100,Consumer Discretionary,0.0085452429094502,-0.020729483617861,0.0105518502633595,-0.012336950382316,1726200.0,1213000.0,1785400.0,1350700.0,25.25,39.17,0.56,3.69,12.34,14.89,0.0144802185549443,240.849,0.4,4.9,128.22666666666666,75.93014426727325,128.31375,0
101,Health Care,-0.0043448141834705,-0.0164335444227895,-0.0387631322028265,0.0488836883418645,932200.0,932200.0,967400.0,1186900.0,48.87,0.64,0.68,1.09,7.76,6.49,0.0163654525979879,296.808,2.33,3.5,253.38666666666668,39.60811756473062,252.6483333333333,1
102,Consumer Discretionary,0.161245415981644,0.0313098902914977,0.1496785600915695,-0.0233183719652116,3321400.0,2125900.0,2430400.0,3827900.0,16.06,4.21,0.48,2.78,4.33,-4.06,0.0320514408120455,256.389,0.04,14.7,70.63999999999999,95.06732100163582,71.5175,0
103,Technology,-0.0318977649984947,0.0555554388329466,0.00253162868346,0.0076530097876598,7016600.0,4825400.0,9202800.0,12836900.0,-34.52,0.99,0.61,7.87,2.18,3.09,0.0231785204665253,261.582,0.08,6.3,12.246666666666664,5.769230769230681,12.234166666666669,1
104,Energy,-0.0995253401841598,-0.0365113419398354,-0.0138423633276067,-0.0364180572240813,7720400.0,6099100.0,6498400.0,5478700.0,7.22,0.35,1.27,9.32,20.94,28.88,0.0208441875958872,296.797,3.83,3.5,112.5,0.0,112.40166666666669,1
105,Consumer Discretionary,-0.0945421498465019,0.0407117853012338,0.0191375212092993,0.0835760603768611,411900.0,469800.0,429800.0,441300.0,16.63,0.25,1.95,3.91,21.47,47.53,0.0401518049109706,258.678,1.58,3.5,188.0666666666667,0.0,187.32708333333332,0
106,Technology,0.000184647961714,-0.0095779316286532,0.0494779176818136,0.00869091210031,5574200.0,3282600.0,2748700.0,3022200.0,38.73,0.43,1.12,1.47,24.93,23.14,0.0280176385775849,264.877,0.07,6.1,156.03,58.39550221645582,157.40583333333333,0
107,Consumer Discretionary,-0.0321311845347288,0.0396452138050422,-0.0354883112777849,0.0085819281655,1687700.0,2322100.0,1709800.0,4410600.0,38.18,1.35,0.99,2.45,15.28,-7.57,0.0188154998244716,257.208,1.55,3.6,184.27,47.18749999999999,185.8370833333333,1
109,Technology,0.2775329990338387,0.0673980910071353,0.0574586159340015,0.0287012874738579,32905000.0,124614000.0,12562000.0,3580000.0,78.66,0.15,1.67,-301.52,9.2,-50.59,0.0444679518330091,244.733,0.91,4.4,5.255666666666667,78.17422916386163,5.101333333333334,0
110,Industrials,0.0012777215624178,0.0340065259791871,0.0146908015129468,0.0061876497062852,6580200.0,8056200.0,6430200.0,6141700.0,13.1,0.48,0.46,-1.61,33.69,-5.96,0.0270744119948138,264.877,0.07,6.1,30.11333333333333,60.25961058412379,30.45958333333333,1
114,Industrials,-0.0137241244632361,-0.0198714230282665,0.0351266225885283,0.0170581411864377,998400.0,1358300.0,1247000.0,1409700.0,23.82,0.12,1.78,4.69,2.22,-2.11,0.0347678395650162,244.955,1.16,4.3,31.350000000000005,51.3733468972533,31.52458333333333,1
115,Industrials,0.0219714337324663,-0.0175026715555584,-0.0178775744323531,0.0217801087701852,361875.0,203125.0,205078.0,184570.0,31.23,0.42,1.13,-1.54,11.92,14.43,0.0259822920278952,244.524,0.91,4.4,43.98037333333334,85.42199488491045,43.9408,1
116,Energy,0.0356174127311008,0.0342734399267148,0.0273055437464449,0.043750059912767,4602500.0,3458100.0,4064300.0,4988600.0,11.88,1.11,1.06,2.34,8.37,-14.6,0.0244275838911262,251.989,1.91,4.0,45.333333333333336,71.78929037875488,45.47458333333333,1
117,Industrials,0.0094050251654314,0.0257254143733409,-0.0423261724231082,0.0687333440937096,12125400.0,8457400.0,13626200.0,10746900.0,-22.86,-3.75,0.31,-1.08,-8.71,-25.42,0.021542327622353,296.311,1.58,3.6,138.6233333333333,53.41812400635925,138.43416666666667,0
119,Health Care,0.0367398534327148,0.0052483323814818,0.0042948018986134,0.0428542261402601,696200.0,805000.0,1353200.0,471700.0,-169.96,1.0,9.02,-2.31,-6.1,16.35,0.0428843281920935,252.006,1.91,3.8,107.79666666666668,70.85714285714296,107.18541666666668,0
120,Finance,0.0298972934546226,-0.0035748380444853,0.0342619571187831,-0.010246384213907,1690800.0,1404450.0,598650.0,490200.0,59.96,0.25,0.68,1.02,10.31,12.8,0.0189483544826981,255.548,2.41,3.6,28.37393333333333,92.83010121301064,28.364255555555555,1
123,Industrials,-0.0881119051728201,0.0203854873713533,0.0693024189537516,0.1249204085536253,1690100.0,1743500.0,1743500.0,2912500.0,7.05,0.35,0.93,0.54,48.0,11.83,0.0236484123360441,304.127,5.08,3.7,199.7933333333333,0.0,198.9958333333333,1
124,Technology,0.0361155544050913,-0.1029517832851037,-0.0218309485990356,0.0700828424581827,25395600.0,23284100.0,23284100.0,21152900.0,-55.94,0.11,4.2,-11.81,-22.71,4.54,0.0484220201996608,289.109,0.33,3.6,12.493333333333334,67.81115879828326,12.640833333333331,0
125,Telecommunications,0.0020293443537607,0.031155578628944,0.0108107891650764,0.0378892897231452,3324500.0,3368400.0,3332400.0,2575700.0,51.12,1.63,0.72,-44.66,4.72,2.42,0.0278889820938937,267.054,0.07,6.1,132.39,62.52657151533539,132.59041666666667,0
126,Technology,0.0332370469239624,-0.0142449039708813,-0.0219436567836604,0.0539648600772113,14068400.0,7555300.0,12821900.0,15261700.0,8.58,-1.8,0.3,18.34,7.25,6.12,0.0229833685724986,276.589,0.08,4.5,28.12333333333333,70.83839611178618,28.16916666666667,1
127,Consumer Discretionary,0.025989588667802,0.0275267079742688,0.0032976060573492,-0.0574980402251975,500600.0,592400.0,644800.0,822300.0,-41.34,1.62,0.75,-1.35,0.85,-1.31,0.0339748815018017,237.945,0.14,5.0,25.35,91.06529209621978,25.417916666666667,1
128,Technology,-0.0269410426103798,0.0519191719321933,-0.0341327533952938,0.0799852107309386,965200.0,965200.0,1607300.0,1269800.0,13.78,0.6,2.0,4.63,21.04,41.53,0.0354868923571278,303.363,4.83,3.4,498.2433333333333,42.61439246596372,503.7841666666667,1
129,Health Care,-0.0132792135897162,0.0023349649712643,-0.0046485996284475,0.0706732023340708,2029600.0,883300.0,1232000.0,957100.0,20.05,1.56,0.53,3.53,0.29,1.3,0.0207196975836977,257.208,1.55,3.6,117.49666666666666,45.24158125915084,117.66458333333333,0
130,Industrials,0.0290846665685454,-0.0097436131149345,0.0085053294181852,0.0073619442225424,243700.0,203400.0,211800.0,392600.0,34.4,-12.77,2.81,-1.26,9.53,18.34,0.0188931177625904,256.571,2.41,3.7,498.0866666666666,92.39674593241526,496.8379166666666,0
131,Industrials,-0.0357199949601573,-0.0056701042949363,0.0067391168131679,-0.033412891551893,1421800.0,3050300.0,1927000.0,1194700.0,18.36,0.28,1.02,8.29,6.9,10.72,0.0224748595444168,241.353,0.41,4.7,121.92000000000002,20.31201248049913,122.45375,1
132,Health Care,0.0076594753268023,0.0280108188299008,0.0087239341448174,0.012658316986067,707800.0,1039100.0,1173700.0,1938800.0,15.73,0.81,1.21,2.08,22.97,53.73,0.0339823539864991,274.31,0.08,4.8,80.02666666666667,66.28895184136012,80.06333333333333,0
134,Telecommunications,-0.0026815876450861,-0.0024693810145631,-0.0059319349837519,0.1116414381503278,10556800.0,16919100.0,10638000.0,9447000.0,11.44,4.67,0.88,5.05,14.28,13.05,0.015264193341649,245.519,1.16,4.4,48.06,59.22580645161306,48.20375,0
135,Utilities,0.0137787758825114,0.0020711839365701,0.0269408526377823,-0.014325775948273,4400800.0,6643400.0,6643400.0,2666300.0,23.11,1.65,0.61,2.08,11.26,21.23,0.0177241870538189,305.109,5.07,3.6,29.23,80.10471204188472,29.275,0
136,Consumer Discretionary,0.0188171862108693,0.0086426393956422,0.0052810486297211,0.0385704226383517,3614400.0,4350400.0,6816000.0,4716000.0,12.3,0.79,1.73,-0.31,18.9,7.73,0.0254271479463703,243.801,0.66,4.4,7.552083333333333,83.12985571587116,7.550260416666667,0
138,Health Care,0.0382246598264584,0.0418141450828932,0.0251757905763221,-0.0397473750745866,1509300.0,1716500.0,1746300.0,903500.0,-99.51,0.42,4.62,-3.86,-30.34,-22.46,0.0357853297966272,233.707,0.12,5.7,97.95,66.83195592286502,97.62208333333334,1
139,Energy,0.0162506062947931,0.0389378428267561,0.1378502567291423,-0.0928360781752113,12350400.0,14013200.0,8369300.0,7597900.0,41.82,0.62,1.47,5.66,22.44,1.95,0.0248826972511752,252.038,2.2,3.8,25.38416666666667,47.358332923772586,25.166850000000004,1
140,Technology,-0.0166688519666884,-0.019918742429926,0.0567300282531299,0.0188111362466206,646000.0,632800.0,658300.0,550500.0,47.87,0.15,0.82,-0.89,26.23,37.23,0.0254503380610086,260.388,0.09,6.9,224.18,25.323238206173578,223.40541666666667,1
141,Consumer Discretionary,0.0615105273105985,0.0013584720672827,-0.0095693318027683,0.0213804092693073,1974800.0,1376500.0,937100.0,1028000.0,38.07,5.86,1.34,4.05,14.21,19.92,0.0200802269816209,269.195,0.06,5.8,68.93333333333332,100.0,69.18416666666667,0
142,Consumer Discretionary,0.0011206982859548,0.0350186237881368,0.0292398141033923,-0.0188525910166673,1274300.0,1294900.0,2237800.0,2147200.0,25.72,0.59,1.07,3.57,10.9,-2.89,0.0195273908102753,236.525,0.36,5.0,88.74,62.30259806418738,88.94708333333332,0
143,Telecommunications,-0.0230106773757712,0.0175242138573838,0.0097888866658474,0.0145146611245153,14097200.0,15615000.0,13840600.0,18316100.0,16.58,4.8,0.67,4.32,13.9,-5.24,0.0153355878590038,242.839,0.66,4.7,52.900000000000006,11.494252873563022,53.03,0
144,Telecommunications,0.0101115287014986,0.0330261378843747,0.002309492423817,-0.0234551967806732,152600.0,114100.0,89200.0,114600.0,15.11,0.07,20.31,-76.01,18.38,12.37,0.0162257019284201,241.353,0.41,4.7,67.71000000000001,66.0112359550562,67.6575,1
145,Real Estate,-0.0374776844609047,0.0136439564173741,0.0238651022354993,-0.0123598159983652,3106300.0,4242900.0,4767100.0,4899700.0,45.73,0.73,1.05,2.77,14.87,21.78,0.0196263272850721,249.554,1.42,4.0,34.34,13.700787401574775,34.37708333333333,1
146,Finance,-0.057635347253484,-0.0152248644624912,-0.0198959318926661,-0.0455115560313288,986900.0,826300.0,1002600.0,498600.0,29.55,1.56,0.54,1.22,13.32,16.23,0.0187681424102765,298.012,3.08,3.7,162.90666666666667,6.3258455977279695,162.24791666666667,1
147,Utilities,-0.0010721644338507,0.0336162955266661,0.0048254312189115,0.0251142180584407,1882100.0,2177300.0,6268100.0,2864900.0,-140.39,1.59,0.31,-5.89,-1.35,-62.17,0.0143483769281716,254.202,2.41,3.8,27.933333333333334,51.62094763092255,27.920416666666668,1
148,Consumer Discretionary,0.0345222691461246,-0.0050002616526879,0.0215424177983679,-0.0342627313117878,959700.0,1430100.0,1815400.0,3094500.0,43.59,0.49,1.19,3.38,12.35,-16.78,0.0330568673299288,256.571,2.41,3.7,189.98333333333332,75.06650544135402,189.46916666666667,0
150,Finance,-0.0064705120590875,-0.0291000150483205,0.0057117796069799,0.0131611498887541,1161900.0,1631500.0,1378400.0,1768000.0,23.23,2.85,0.26,4.88,23.98,8.67,0.017674056935563,257.797,0.09,11.0,187.38333333333333,60.94444011532767,188.665,0
151,Consumer Discretionary,0.011818561050918,0.0200746467608637,0.0292559189631146,0.0174883134472173,3016500.0,3208400.0,2346700.0,3128300.0,21.2,0.11,0.52,3.27,8.13,14.85,0.0276051041239349,238.132,0.36,5.0,57.25000000000001,74.272173324306,57.53541666666666,1
152,Technology,-0.0206310164693215,0.0007245659125519,-0.0125184066447224,0.0046111222981971,227400.0,251800.0,293700.0,404800.0,19.06,1.09,1.87,5.41,20.96,27.01,0.0229410730613835,244.786,1.16,4.3,162.00666666666666,33.159268929503824,162.24166666666667,1
153,Health Care,-0.0318209476865532,-0.0301385222545106,0.000723917405089,0.0002412919696273,5337600.0,4806600.0,7285400.0,7066900.0,16.89,-2.33,0.38,7.82,8.08,5.04,0.0145886090953714,236.119,0.12,5.4,78.09000000000002,25.438596491228022,78.09541666666667,1
155,Utilities,-0.0129518404422139,0.0010807772753244,0.0487251961687126,-0.0259381694586094,13259700.0,14652700.0,14652700.0,16205600.0,564.52,1.24,0.22,4.78,10.59,27.42,0.0189835540685488,240.628,0.4,4.8,18.426666666666662,30.64516129032234,18.38,1
157,Utilities,-0.1121517868912094,-0.0363420206547809,0.0240819601442355,-0.180095846046487,1361200.0,1372000.0,1195200.0,297400.0,51.0,4.1,0.84,-27.05,0.78,1.36,0.0214388118326323,236.525,0.13,5.0,37.07333333333333,0.0,37.02666666666667,0
158,Utilities,0.0175651097198127,-0.0016945744323999,0.0053726876733461,0.0092578915692938,807400.0,1241100.0,1072400.0,1747400.0,-15.51,2.09,0.4,4.09,15.65,-27.0,0.0152465219401441,245.519,1.16,4.4,76.69666666666667,63.353692393114834,76.80083333333334,1
159,Health Care,0.0227885396436562,-0.0161918871356005,-0.005394845244089,0.0298790431034737,1279100.0,1166300.0,1563400.0,978100.0,9.42,0.73,1.32,13.48,12.55,-16.41,0.0369605081916793,261.582,0.09,6.3,248.19333333333336,82.22429036761267,248.3408333333333,1
160,Consumer Staples,0.0035648869829709,-0.0498428751531028,-0.0157179059477048,0.0917839163770792,4714500.0,2678000.0,2678000.0,4200200.0,-47.22,2.03,0.3,7.96,-0.98,2.43,0.018119266387649,260.474,0.09,6.7,39.563333333333325,50.59288537549382,39.516666666666666,0
162,Energy,-0.0783686834912253,-0.004862638857131,0.0379500763882239,0.0099990710480212,3525100.0,4668700.0,4467800.0,7890100.0,4.46,0.58,1.08,-3.99,4.61,9.87,0.0216827074752524,300.84,4.58,3.6,98.62333333333332,8.747514910536838,98.81,1
163,Utilities,-0.0229858202256594,-0.0124034062758031,0.0084965202978635,0.0102527740527196,2085400.0,4920500.0,5116300.0,5870300.0,59.06,2.13,0.45,-0.49,-12.68,-3.84,0.0161452347105947,299.17,4.33,3.4,41.20666666666667,28.089887640449312,41.27583333333333,1
164,Health Care,-0.0017042398943626,-0.0545367091299884,0.0067382303234303,0.0340644169308321,20875735.0,33894005.0,32316589.0,34165726.0,13.53,0.83,0.44,8.5,-31.63,194.85,0.0172750074437248,258.678,1.59,3.5,35.52913333333334,47.80393670397529,35.62116666666667,1
165,Technology,0.0799643146871948,-0.1018497143463452,0.2202871105960357,-0.0008353777872568,281500.0,590500.0,781400.0,1052900.0,46.52,0.23,1.3,2.17,13.56,22.37,0.0382934797823904,256.558,2.12,3.7,85.15999999999998,89.12326961107455,84.62333333333333,0
166,Industrials,0.0205290422933655,-0.0234700363574437,-0.0063967793624604,0.0005671406611027,1534000.0,1463000.0,822600.0,1251600.0,22.71,0.56,0.77,2.4,32.0,31.23,0.0167397631749341,283.716,0.08,3.8,123.17333333333336,56.078224101479975,122.50291666666666,0
168,Utilities,-0.0328060618602225,-0.0195290152537496,0.0122092485556824,0.0035006636772258,23290500.0,19527400.0,14484600.0,21025500.0,16.98,2.36,0.68,0.09,9.16,-17.76,0.0223518566046837,304.127,5.08,3.7,16.560000000000002,9.259259259259414,16.591250000000002,0
169,Consumer Discretionary,0.0828318537214516,-0.0278969317316939,0.044725126197445,0.0065808381818403,438400.0,376700.0,698100.0,391600.0,146.63,1.71,1.37,-0.23,5.01,10.15,0.0252675640447905,260.474,0.09,6.7,1415.4133333333332,98.8632404181186,1408.8725,1
170,Industrials,0.0136549121692457,-0.0075288942134134,0.0324902060727346,-0.0707609410196504,698800.0,1021500.0,583000.0,533700.0,28.69,1.37,0.65,1.76,11.67,12.49,0.0202308475479839,304.127,4.83,3.7,325.18333333333334,63.43651499232202,324.9725,0
171,Industrials,0.0353999290928775,-0.0091503317053005,-0.025477746445733,-0.0804373167379326,3882600.0,4750600.0,4270100.0,3052500.0,182.99,0.41,1.04,10.85,0.57,-7.46,0.0256613928504951,256.092,2.38,3.7,23.42,63.49206349206351,23.35333333333333,0
172,Finance,0.0098230274031076,0.0217260836920407,0.0002749578559918,0.0134829099896316,1579300.0,3252900.0,1434600.0,1987900.0,23.93,0.47,0.05,3.78,28.89,40.33,0.0273120245487572,256.571,2.4,3.7,86.49333333333334,69.1006917755572,86.6625,1
173,Industrials,-0.0341754868712712,0.0248173050696132,-0.029000754117925,-0.0517359672560513,828700.0,1588700.0,1050800.0,991000.0,26.06,1.81,7.95,0.46,14.37,0.46,0.0344591793013007,296.808,2.33,3.5,93.08666666666667,23.335027961362474,93.06875,0
177,Consumer Discretionary,-0.0268882750884525,-0.0302734221477296,0.1128016220547712,-0.1788327802260468,4337600.0,5951600.0,5145700.0,5913100.0,41.84,0.43,1.8,0.28,42.09,33.22,0.0367215044154629,297.711,3.83,3.6,95.87333333333332,33.49875930521085,96.53333333333332,1
178,Energy,0.0086277962850423,-0.0030282209982397,0.0245605984164601,-0.0135169430097666,4079100.0,4365300.0,7116200.0,1955300.0,16.6,1.1,0.49,6.38,12.73,7.03,0.0153178862540276,273.567,0.1,5.2,39.75,32.412523020257794,39.56625,1
180,Energy,0.0484555271052745,-0.0353491294248242,0.0341389684671855,-0.0463567035489003,408600.0,499500.0,394500.0,799100.0,9.03,0.72,0.6,5.25,7.93,28.16,0.0206643694191694,299.17,4.33,3.4,34.44,97.47793190416154,34.373333333333335,1
181,Energy,-0.0844491307110582,0.0376906369266842,-0.0587650259197658,-0.0249225340477298,20300.0,54800.0,22900.0,30100.0,62.61,0.0,18.16,1.0,59.47,42.82,0.0210968168136608,274.31,0.08,4.8,1326.1966666666667,0.0,1324.0716666666667,0
182,Utilities,0.0234497834820535,0.0191414653541979,-0.0027108163300224,0.0308568438139524,1018000.0,1368100.0,1283500.0,1710000.0,-37.09,-302.17,0.86,-0.44,-10.9,4.14,0.0646323091220527,274.31,0.08,4.8,90.48666666666668,65.78524470416365,90.6,0
183,Industrials,-0.0006437131352964,0.003946372733946,0.0281217801406833,0.0535043454742922,1436800.0,1447800.0,1394700.0,2257400.0,21.75,9.92,0.44,6.27,7.47,12.39,0.0201924613574269,246.524,1.33,4.1,295.6266666666667,36.656891495601215,295.38250000000005,1
185,Industrials,-0.0059973060061051,-0.0272865329075583,-0.0297607815006741,-0.114756686821642,5507600.0,5657000.0,5891000.0,5255100.0,5.65,0.79,0.78,8.24,10.6,8.64,0.0268016132516665,296.276,1.58,3.5,51.61333333333334,40.15544041450785,51.56,0
186,Industrials,-0.0073598660209947,-0.0117325558406673,-0.0003455505806968,0.0082472085331117,2937724.0,2937724.0,4012980.0,3739666.0,22.96,0.14,1.2,-0.05,12.14,8.66,0.023159839163866,236.599,0.13,5.4,63.93273333333333,46.201540677647465,64.22011666666666,1
187,Utilities,0.0433117427893284,-0.0415137596860644,0.0042538757622764,0.0506554920884734,2185400.0,2085600.0,1569100.0,2530700.0,1.9,4.21,1.03,9.87,13.99,19.39,0.0241433621795687,260.28,0.09,7.9,34.66333333333333,85.891089108911,34.79708333333333,0
188,Industrials,0.0520031689428956,0.0754699170913128,0.140885525100223,-0.1172445278582662,2348700.0,3304700.0,3280400.0,4067900.0,4.78,0.41,1.28,6.84,21.71,21.22,0.0226101369660985,283.716,0.08,3.8,119.11333333333334,76.51114120398866,119.81375,1
189,Utilities,0.0167713831696479,0.077560489262103,0.087632867170876,-0.0763995150825394,5069200.0,5664500.0,6258100.0,6106800.0,-0.66,7.97,1.2,10.75,2.38,8.52,0.0241572627045574,239.261,0.37,5.1,14.309999999999995,74.86535008976666,14.360833333333334,1
194,Energy,0.0075563368670174,-0.0169781777115879,-0.0611298404095444,0.1056823367589849,827000.0,1394900.0,1216500.0,1216500.0,122.79,1.64,1.28,-0.31,6.35,6.46,0.0238718502601026,278.802,0.08,3.9,75.18666666666667,53.19949811794231,74.75583333333333,0
195,Consumer Discretionary,-0.0360082808416276,0.0079150616096841,0.0387005380751447,-0.0153995939123436,3619500.0,5748100.0,3366400.0,3334200.0,21.17,1.6,1.21,6.74,12.38,23.67,0.0434474336872244,240.849,0.4,4.9,50.48333333333333,23.331328923631908,50.69208333333333,1
196,Health Care,-0.0314896136200109,0.0269483517117339,0.0441191396727289,-0.028643534093405,3887900.0,2244100.0,1804700.0,2375400.0,37.9,3.04,2.31,1.84,23.45,32.7,0.0141982251133295,252.038,2.2,3.8,92.12333333333332,26.387009472259592,92.42791666666668,0
197,Health Care,-0.029325797061041,-0.0453318953253506,0.0073426096381729,-0.0003718992838018,951400.0,1487600.0,979200.0,1306300.0,17.09,0.7,0.98,2.51,11.28,16.99,0.0194307931824835,252.885,2.18,3.8,100.21666666666664,13.14255431902471,100.51291666666664,1
198,Utilities,0.0007787761601038,0.0064754911318425,0.0349693663974334,-0.0385696298022752,2637000.0,3204400.0,1375600.0,1375600.0,-46.61,1.65,0.28,-1.45,-25.79,-6.8,0.01562886478537,252.006,1.91,3.8,58.45166666666668,40.98810612991754,58.17,1
199,Technology,0.0565052925568315,0.0796238537660398,-0.0311607672827158,-0.0831913885014263,7129000.0,8627000.0,6858000.0,9679000.0,156.63,0.5,1.95,-1.73,18.02,54.24,0.0435091563027775,260.28,0.09,7.9,47.133333333333326,82.54388074056259,47.653,1
200,Consumer Discretionary,0.0101179117638311,-0.0563700457471311,0.0543493354647423,-0.1174752149883267,9239200.0,6623800.0,6523600.0,4940700.0,44.57,1.1,1.22,2.74,48.72,57.39,0.0215734918236329,252.885,2.2,3.8,192.14666666666665,63.01020408163264,194.5383333333333,1
201,Industrials,0.0198883732164731,0.0116787887991147,-0.0243978537124005,0.0155965921564795,228400.0,328100.0,163800.0,196600.0,63.17,0.11,1.03,-0.32,15.94,22.36,0.0253930508781085,297.711,3.83,3.6,162.65666666666667,66.97104096008361,162.16416666666666,0
202,Telecommunications,-0.013984226131174,-0.0202968214760434,-0.1089634820463024,0.2974042829331603,4393800.0,3709000.0,4347400.0,7275900.0,-13.63,0.23,2.62,-3.06,-12.7,15.22,0.0504894899900424,307.026,5.33,3.8,78.36,32.31170524942941,77.755,1
203,Utilities,-0.0171474192670383,0.0225011783242782,0.0024903837847965,-0.0064038124442728,2238500.0,2346400.0,2669300.0,3028000.0,19.01,1.3,0.25,3.28,11.22,-27.26,0.0130166273507553,251.588,1.7,3.8,69.13666666666667,11.282051282051468,69.08458333333334,0
204,Industrials,-0.0065375253660468,0.0093344908281805,-0.0748903083963135,0.0372973275709178,1477600.0,1115900.0,1309600.0,1342200.0,60.16,0.59,0.7,-21.39,7.56,-4.22,0.0171727569506363,289.109,0.33,3.6,124.87,78.5714285714285,124.5525,0
205,Consumer Discretionary,0.0319344440324029,0.0118671546167378,0.0229633023680618,0.009151472626675,1029900.0,1298300.0,1006400.0,1950800.0,52.53,1.07,0.7,9.49,2.87,8.91,0.0239081704440224,277.948,0.08,4.2,72.74333333333333,81.95488721804514,72.78541666666666,1
206,Consumer Discretionary,-0.0452560886725987,0.0532302067396336,-0.1174461198623045,0.1091024295111947,601000.0,710100.0,1126300.0,706000.0,6.06,0.85,0.3,8.8,14.47,14.05,0.0310246095847868,300.84,4.58,3.6,126.5333333333333,6.262230919765381,126.19166666666666,1
207,Technology,0.0071183913888126,0.0341669116904963,-0.0630758499948422,0.0001579714600371,362300.0,398400.0,511900.0,483000.0,34.56,-1.23,1.28,3.02,49.9,63.81,0.0368476230309734,257.346,1.9,3.6,185.9166666666667,50.76310550763111,185.72333333333336,1
209,Energy,-0.0195286412398172,0.040812917628764,-0.0121115214548699,0.025661852234497,17875500.0,19579300.0,20570000.0,18438300.0,-20.03,0.38,0.51,5.37,6.92,10.19,0.0147881474513282,273.003,0.1,5.4,62.98666666666666,37.709923664122165,63.235416666666666,0
210,Utilities,0.0172365291931062,-0.0066063918387802,-0.0205998237779476,0.022135359616007,1314900.0,1635800.0,962200.0,851000.0,24.53,1.18,0.36,1.91,21.94,9.16,0.01281968794612,256.974,1.55,3.6,75.07666666666667,74.28571428571455,74.9025,1
212,Consumer Discretionary,0.1221882156365731,-0.0298296115077748,0.0553285001356302,0.021294346719408,2384400.0,2384400.0,2502100.0,2773900.0,7.54,0.52,1.24,-74.22,11.13,19.02,0.0446596529198079,278.802,0.08,3.9,82.50666666666667,100.0,82.26583333333333,1
213,Technology,0.0682045581892114,0.0417667131555741,0.0170927695734522,0.0065147530208859,519100.0,1053100.0,1323500.0,886500.0,23.88,1.03,1.87,4.53,18.23,27.35,0.0228465626678768,246.819,1.06,4.3,179.39333333333337,93.55167147463098,178.83875,1
215,Health Care,-0.113596050914901,-0.1509945805546096,-0.0050973966033979,-0.0168042371932103,537100.0,562600.0,586700.0,574800.0,-29.28,5.21,2.54,-1.36,-32.61,-26.34,0.0369014420926992,237.111,0.38,4.9,25.17,13.787638668779676,25.236666666666665,1
216,Energy,0.0433455025294534,-0.022187475107599,-0.0120836390913031,-0.0244001605741993,1856900.0,4585000.0,4400800.0,5212100.0,-65.87,0.81,0.85,5.35,1.57,4.05,0.0266885728344797,278.802,0.08,3.9,71.45,97.5593220338984,71.19375,1
217,Technology,0.0628272287253699,0.0268816945869561,-0.1100478034974524,0.0048076878990645,6906200.0,6710600.0,9895500.0,7784100.0,-3.5,-5.43,0.94,-1.93,-10.65,2.82,0.0373042961507467,237.111,0.37,4.9,2.0066666666666664,83.15789473684212,2.0091666666666663,1
218,Technology,0.0171799006636071,0.0009259219078976,0.0051854726019928,0.0129292805989583,1360700.0,722600.0,1273300.0,1482400.0,25.96,-1.75,1.28,1.83,37.24,71.53,0.0398814059770028,237.111,0.38,4.9,74.97333333333334,69.52529790974798,75.41791666666667,1
219,Consumer Discretionary,-0.024038719687754,-0.0877193418249867,0.0131869238145334,0.0286360078340707,31219500.0,38443200.0,47323300.0,101624900.0,5.89,4.49,1.09,6.86,4.99,15.31,0.0222994491840917,240.849,0.4,4.9,12.15,36.69250645994831,12.170416666666666,1
220,Utilities,-0.0628738407529727,0.0117074447145184,0.016260098892746,-0.0671477606381892,1171500.0,742600.0,600000.0,727500.0,25.77,0.59,0.27,3.49,5.92,-26.33,0.0161412110224989,260.229,0.09,6.7,49.81333333333333,0.8896797153025665,49.59583333333333,0
221,Health Care,0.0113071918844208,0.0113725325798953,0.0116328204237316,0.0161726912976451,1875700.0,1883000.0,2020100.0,2012800.0,19.19,0.94,0.85,6.65,14.22,26.14,0.0145058259730217,238.132,0.36,5.0,160.62,86.45245332175405,160.95875,0
222,Consumer Discretionary,0.017574734896697,-0.0052580051450753,-0.0187855916154725,0.0472914882553154,1165700.0,498200.0,1019900.0,1019900.0,13.48,0.91,1.15,1.77,4.9,-2.8,0.0209960101066493,252.038,2.2,3.8,224.55666666666664,100.0,224.4825,1
223,Consumer Discretionary,-0.0082620407626372,0.0403683363442225,0.0198811691389054,0.0280011721643823,2537600.0,1451400.0,1077300.0,1261800.0,23.99,0.23,0.22,1.43,5.73,19.72,0.0220553147011806,238.132,0.37,5.0,67.36333333333333,32.56325632563237,67.30416666666667,0
225,Technology,0.0301963994032587,0.0192012945680069,-0.0049369841987313,0.0069696032419867,446677.0,284802.0,281347.0,561168.0,20.55,0.61,1.63,6.69,9.55,13.96,0.084537824986495,241.432,0.41,4.7,116.68333333333332,96.29200463499429,116.53833333333333,0
227,Technology,0.0011657736720588,-0.0454545325190324,-0.0048201559111109,0.0723658135917977,1388400.0,1458200.0,1777600.0,1777600.0,61.48,2.72,1.29,-10.59,4.57,3.54,0.0236755743468376,277.948,0.07,4.2,25.80333333333333,45.73002754820936,25.7875,0
229,Technology,0.2417127148237085,0.0757800520949907,-0.0399429672847546,0.1091772212783143,50123700.0,40984000.0,28567800.0,37555200.0,-35.73,0.1,4.92,-3.86,6.07,14.52,0.0471757953596262,300.84,4.58,3.6,8.323333333333332,94.5578231292517,8.440833333333334,0
231,Industrials,-0.0081004976972745,0.0064303494760035,0.032483529818049,0.0297888592145294,2067100.0,2098300.0,1971200.0,1175500.0,163.81,1.55,0.7,-16.87,-8.7,17.05,0.020746150317829,236.916,0.36,4.8,86.33999999999997,54.20814479638001,86.67625,1
233,Health Care,-0.0324725493466507,-0.0190806741685344,0.0424734682047966,0.0255032154388045,3165300.0,3283000.0,5809100.0,3232000.0,21.29,0.87,0.75,2.55,6.1,16.93,0.0252313355621118,303.363,4.83,3.4,486.74,34.180262102166346,488.69208333333336,1
235,Consumer Discretionary,0.0260625618265084,-0.011388833747622,-0.0089190976614414,0.0284843819063613,597300.0,2010100.0,2574100.0,2221500.0,23.54,0.17,0.32,3.1,7.75,2.85,0.0276617160753127,236.525,0.36,5.0,54.326666666666654,98.93238434163648,54.1725,1
236,Consumer Discretionary,-0.0039510788728723,0.0076416810851308,-0.0023700820141563,0.0406668367704073,4858600.0,5937000.0,10120900.0,6068900.0,22.93,5.79,0.35,4.41,8.43,17.19,0.0240447657404319,244.733,0.91,4.4,156.03,49.40312213039528,156.27416666666667,0
237,Real Estate,0.0124881466584835,0.0443434401797618,0.0182603137139204,0.0861880919393149,2478600.0,3106000.0,2839300.0,2910300.0,47.73,0.99,0.57,-39.64,9.49,24.29,0.0198554057314911,240.628,0.4,4.8,32.34,75.44642857142864,32.33541666666666,1
238,Industrials,-0.0064312409077205,-0.0125549975767874,-0.0179473382000819,-0.0105975727144271,1035800.0,2372200.0,1003700.0,862800.0,28.98,2.95,1.84,4.18,17.6,19.17,0.0177139889843178,260.474,0.09,6.7,203.37666666666664,30.20996552804765,203.21416666666664,0
240,Consumer Discretionary,0.0254812007888915,0.0158182945061826,-0.0066322943828155,0.0056642444850208,572000.0,450600.0,433600.0,470300.0,35.62,0.69,1.04,1.61,15.15,19.55,0.0190754721303295,305.691,5.08,3.5,504.95666666666665,100.0,504.7925,1
241,Technology,-0.0102626323701342,0.0086214255834871,-0.0141267591524865,0.0190202028277758,27308000.0,30514000.0,62974000.0,31068000.0,28.09,0.05,4.49,-1.25,21.31,20.2,0.0203264353745229,236.525,0.36,5.0,37.46800000000001,39.96643490769568,37.48720833333333,0
242,Health Care,-0.0260263839462552,-0.0232902660131794,-0.0764592876465342,0.0698600244512005,757100.0,705700.0,791500.0,753800.0,-17.97,5.63,3.43,-2.65,-123.39,-61.77,0.0376379594406524,296.808,2.33,3.5,207.79000000000005,29.957805907173,207.61875,1
247,Finance,0.0047348845419962,8.936049437823121e-05,-0.0061269440640976,-0.0059137746813363,972400.0,1059000.0,838500.0,647200.0,67.61,-2.75,1.28,4.85,-45.49,36.07,0.0212247036988979,243.801,0.91,4.4,111.92333333333332,67.0250896057347,112.13041666666666,0
248,Consumer Discretionary,-0.0135644179880578,-0.011472084916955,-0.0658315019362363,-0.0062241658154669,1299600.0,1116200.0,1275200.0,749500.0,40.02,0.12,1.16,5.17,16.34,13.2,0.0206812752132185,307.789,5.33,3.8,65.12999999999998,43.79562043795639,65.31916666666666,1
253,Industrials,-0.0067739270205656,-0.0271829574508869,-0.034720196886874,0.098079196978482,2182000.0,2254100.0,666800.0,740100.0,16.38,0.93,2.61,3.19,20.11,14.07,0.0355178795067497,254.202,2.4,3.8,35.23,22.274881516588223,35.221666666666664,0
254,Consumer Discretionary,0.016904965521113,0.0173885389656601,0.0112596096783648,-0.0183434373612762,381300.0,247100.0,425500.0,224100.0,14.1,0.3,3.67,2.03,18.72,17.31,0.0187994983994712,283.716,0.08,3.8,215.0966666666667,71.90522243713737,216.04541666666668,0
255,Health Care,0.0236385638685107,-0.0458195233754718,-0.0972281711073049,0.0812680467061419,992800.0,893800.0,1433700.0,1035400.0,-71.14,0.29,1.64,-2.5,-35.08,-91.52,0.0352781816890298,240.229,0.37,4.8,81.57333333333334,59.90426259402779,82.08625,1
257,Utilities,-0.0148436234558187,-0.0158779078290724,-0.0147058013309503,0.0034536446912391,7314300.0,5763700.0,5709500.0,5280300.0,-23.17,1.98,0.31,3.69,9.7,11.64,0.0157109476732301,241.432,0.41,4.7,30.320000000000004,49.35822637106195,30.41208333333333,1
258,Technology,0.0135168503917534,0.1946176414852416,-0.0368349847152181,-0.0365403880354625,3539700.0,3877400.0,4817200.0,4487000.0,29.45,0.57,0.86,-9.1,13.25,11.34,0.0261602631250542,283.716,0.08,3.8,42.376666666666665,76.59574468085098,42.50708333333333,1
259,Basic Materials,-0.0173034426828272,-0.0361362348675073,0.0596465393588162,0.0007367503151533,20127400.0,14328200.0,15925600.0,16080600.0,6.39,1.12,1.46,0.42,11.33,15.81,0.031820209980189,252.885,2.18,3.8,13.82333333333333,25.984251968504,13.7675,0
261,Technology,0.0040941358414131,-0.0209733072719398,0.0471477829716947,0.1111945753021932,1428100.0,3343500.0,3480500.0,2269500.0,16.25,1.29,1.54,-0.67,17.31,21.42,0.0326072080454667,256.558,2.12,3.7,135.7033333333333,56.56609319616154,135.67458333333332,0
263,Consumer Discretionary,-0.0808925532417133,-0.006237196019948,-0.0176990401177793,-0.0033922552869149,13982100.0,9629800.0,19781200.0,8459700.0,-15.01,2.69,0.68,10.1,-13.69,6.46,0.0177415847770747,248.991,1.42,4.1,40.99,0.330033003300381,40.6625,1
264,Consumer Staples,0.0176808540992896,-0.0113386047605877,0.0238632624742879,0.0162214631779676,948383.0,1167347.0,1316660.0,1316660.0,17.28,2.34,0.42,4.47,8.48,9.69,0.0155775995096251,278.802,0.08,3.9,59.77163333333333,92.85684076971872,59.74816666666666,1
265,Technology,-0.0041464241550505,0.06146612671534,-0.0006067179636309,-0.0700987463151047,436500.0,1619900.0,4451700.0,1580000.0,42.71,0.23,1.5,0.35,17.51,20.97,0.0302419192196624,256.974,1.55,3.6,69.96000000000001,31.61512027491416,69.83583333333334,1
267,Consumer Discretionary,-0.015892300807132,0.0502179584208901,0.0203257739928609,-0.0129151675775724,3776500.0,3020000.0,3020000.0,3083000.0,43.49,1.11,1.15,2.92,42.81,37.22,0.0215764174901959,252.439,1.92,3.7,214.51333333333332,24.592833876221437,213.44583333333333,1
268,Utilities,0.0604228431112494,0.0924093249361208,0.3260395182265874,-0.4167630202948562,14147600.0,17123100.0,48150800.0,26197700.0,12.13,-39.67,0.65,10.44,8.9,-44.27,0.0253069471966145,238.132,0.36,5.0,6.9433333333333325,70.63492063492062,6.969166666666666,1
270,Industrials,-0.0305546115940762,0.0348629215028603,0.0061999370075412,-0.0372289997686628,1416900.0,1850600.0,3155200.0,2000700.0,17.49,0.67,0.71,1.49,4.31,18.2,0.0252486175675397,258.678,1.58,3.5,64.84333333333333,35.70767807585565,63.67833333333334,0
271,Consumer Discretionary,0.0035132830733749,-0.0151259500496571,-0.0005928972935079,0.0040674640853396,14229500.0,10181100.0,9980100.0,10450800.0,12.62,0.55,0.7,4.71,20.19,23.8,0.0198704626074076,251.588,1.7,3.8,101.41333333333334,38.31101956745617,100.72291666666666,1
272,Consumer Discretionary,0.0478208341740167,-0.0408259773252288,0.0336248691942349,0.0751986578022806,3077400.0,3133500.0,2253400.0,2821200.0,14.67,0.31,0.63,5.95,2.34,3.42,0.0332550316960749,245.519,1.16,4.4,60.56999999999999,83.750846310088,60.932500000000005,1
274,Industrials,0.044846918026282,0.0215859361120422,0.0213723856358713,-0.0262868075537405,293900.0,293900.0,1496900.0,6009100.0,22.06,1.67,1.07,8.56,6.26,36.13,0.0289747470979388,256.974,1.55,3.6,48.05,84.41176470588233,48.0825,0
275,Energy,-0.0302493163526785,0.0147456241833272,-0.0104866491959716,0.0327217604287813,2179120.0,2859208.0,3074639.0,4310356.0,-72.06,0.67,0.33,1.94,-13.96,-7.02,0.0260020935461027,241.432,0.66,4.7,32.940000000000005,18.53448275862072,32.92125,0
276,Technology,0.0241439497226423,-0.0188708423810188,0.0177895788119154,0.0158323136187322,22920100.0,18170700.0,22644400.0,18096400.0,21.42,1.23,1.94,5.15,24.27,16.67,0.0218514197153752,243.603,0.66,4.6,64.42999999999999,78.68852459016352,64.41624999999999,0
277,Telecommunications,-0.0260416656318638,0.0520548363254494,-0.0437515915393468,-0.058692999084943,2207300.0,2161000.0,1561400.0,1827300.0,21.15,1.65,0.38,7.36,10.53,13.14,0.014119900048925,307.671,5.33,3.9,38.123333333333335,19.40983606557368,37.87458333333333,1
278,Health Care,-0.035679000226813,-0.0016075497977517,-0.0283635797150089,0.039483439878344,1306100.0,997700.0,1299300.0,971500.0,15.4,0.63,1.91,6.92,35.61,31.55,0.038337965950049,240.229,0.37,4.8,243.1123333333333,26.715745374301303,243.67419166666667,1
279,Technology,0.1257834285708321,-0.0162924146386903,-0.0080803361790189,0.0130528388325284,30757300.0,15299600.0,12787700.0,15930900.0,19.76,1.08,2.95,1.14,30.56,35.97,0.0309723000683431,244.955,1.16,4.3,47.48999999999999,100.0,48.10833333333333,1
280,Technology,0.0163797131717377,0.0193858893558613,0.0043345727778941,-0.0104767113693296,3909600.0,4698600.0,3057900.0,3773400.0,-40.43,0.92,1.95,-10.91,-19.75,32.48,0.02594583930205,236.119,0.12,5.4,47.389944444444446,73.91597216748234,47.88216388888889,1
282,Telecommunications,0.0054171628097586,-0.0898541307843299,-0.0551417986677294,0.030064606532539,1560900.0,1636800.0,1146800.0,1241700.0,7.49,1.83,0.17,11.63,1.58,-0.46,0.0171872368355902,251.588,1.7,3.8,271.3233333333333,60.37691401648989,272.2208333333333,0
283,Consumer Staples,-0.0050345940328711,0.008888919544612,-0.0413878504776825,-0.003033999091622,4556100.0,6221300.0,7719200.0,7621800.0,20.78,0.72,0.4,3.88,11.01,12.42,0.0135419266211053,296.311,0.83,3.6,62.7,60.585065434949925,62.93,0
284,Consumer Discretionary,-0.0010554200402463,0.0601913942625498,0.0029926132210311,0.020167699089476,190200.0,154300.0,127300.0,168200.0,19.22,-2.76,0.08,4.2,12.4,16.46,0.0196821920082555,238.316,0.15,5.1,744.8733333333333,32.83751418126792,742.5991666666666,0
285,Consumer Discretionary,-0.0145750923977414,0.0215897591115787,-0.0208486281443143,0.0043929796236513,3593800.0,4393400.0,4970400.0,4882800.0,17.41,0.64,0.85,3.31,7.81,11.93,0.0235160881701507,236.119,0.12,5.4,33.97833333333333,23.28548644338109,33.966875,0
287,Consumer Discretionary,0.0013677724460032,-0.009220676622319,0.0110207449171323,0.0145940393367519,1634400.0,2108200.0,1470500.0,1595200.0,18.5,-50.59,0.54,4.07,13.18,7.03,0.0144793780216759,257.797,0.09,11.0,137.34,67.11362032462966,137.995,1
288,Industrials,0.0074838761033896,0.032287813157109,-0.0012527335775653,0.033885354294845,149300.0,267900.0,203900.0,176400.0,27.26,0.41,2.33,2.97,17.72,12.28,0.0177949790094446,255.548,2.41,3.6,155.80666666666664,70.91623679685573,156.5,0
289,Basic Materials,-0.0457062521922886,0.0860406122432558,-0.0121842910930282,-0.0149295879177925,11698200.0,9454900.0,13571800.0,13697700.0,54.13,0.41,2.07,1.73,0.1,24.17,0.0253530368587632,254.202,2.4,3.8,33.29963333333333,37.49018714072282,33.48784166666667,1
291,Health Care,-0.0052508697671363,-0.0196709386884812,0.0305010842519381,-0.0399236134576059,6700700.0,6039300.0,10873500.0,10009200.0,94.12,0.95,0.74,2.54,-39.74,18.22,0.0159806457887186,307.026,5.33,3.8,105.60666666666664,54.07545412203073,105.74583333333334,1
292,Consumer Discretionary,-0.0053047017869073,0.0141577036836132,0.0745433741421327,-0.0171451932308491,1213900.0,1087500.0,1679900.0,928900.0,19.55,0.76,0.58,8.3,8.08,6.03,0.0197651360957241,237.336,0.12,5.1,106.98000000000002,38.8111888111885,106.9275,1
294,Consumer Discretionary,0.0871120809387398,0.0017781642582201,0.02459501813515,0.0836264312469581,14598300.0,18222800.0,4291000.0,4432400.0,191.06,1.63,0.43,-1.1,7.84,-7.69,0.037407950313888,251.989,1.9,4.0,388.2600000000001,95.088601385738,386.9425,0
295,Health Care,0.0555791220645589,0.0288194272646226,-0.0320966081595582,-0.016863247127549,3475700.0,3072100.0,2686500.0,3752500.0,19.01,0.55,0.7,3.82,4.37,2.26,0.0269018872815942,237.945,0.14,5.0,121.48,92.16539717083782,121.64083333333336,0
297,Consumer Staples,0.0540540082225291,0.0043184266372924,0.0148692918382476,-0.0309418703220399,2129400.0,1969900.0,3848000.0,3942900.0,7.32,0.42,0.68,4.17,3.92,1.7,0.0236020664895275,298.012,3.08,3.7,67.95,89.52496954933022,67.86458333333334,0
299,Technology,0.0883299379662586,-0.0456385792438519,0.0053319054400358,0.0072073839943372,4169700.0,4838600.0,8106900.0,4080100.0,-473.98,0.28,0.54,-6.86,-0.05,14.85,0.0295248798690679,237.838,0.13,5.0,74.54,79.80997624703097,74.04875000000001,1
300,Consumer Discretionary,-0.0072232437435188,-0.0359131824663271,0.0231042915324825,0.0070725959273609,1373300.0,1749700.0,1863900.0,2998500.0,15.05,0.79,0.38,-0.43,16.35,11.56,0.0266919034905602,251.588,1.7,3.8,96.01,43.67816091953988,96.20708333333332,0
302,Technology,-0.0527505985668101,0.0142422689046766,-0.0179674844706446,0.0287222415363347,18068300.0,18546600.0,13327600.0,19934200.0,32.28,0.09,4.32,1.88,15.49,29.51,0.0230648952539985,256.759,1.85,3.5,181.39666666666668,13.261596626436036,182.03541666666663,0
304,Technology,-0.0272494606224291,0.0002318666680039,-0.0027760405992414,0.027084768590544,2870400.0,2870400.0,3365800.0,2864100.0,29.68,-2.1,1.07,1.84,7.87,6.61,0.0197156047042474,281.148,0.08,4.0,84.61,18.135376756066552,84.56916666666666,0
305,Utilities,0.0340196364194542,0.0023883298111488,0.0180335145691983,-0.0322246127610541,812300.0,1367400.0,851500.0,1206200.0,39.24,1.71,0.38,-0.81,15.71,-11.16,0.0146990084968252,261.582,0.09,6.3,156.61666666666667,78.6379698040474,155.88,1
307,Technology,0.0042980657257537,0.0043165505455137,0.0045028559323789,-0.0199412031990658,2075500.0,1752500.0,2257700.0,3431500.0,24.52,0.12,3.13,-0.28,13.62,12.33,0.0343431865594956,238.654,0.14,5.2,61.53666666666666,37.88121990369178,61.23416666666667,1
308,Health Care,0.0180993503821671,0.0181387733515437,0.0052845042521944,0.0023867982610551,5615000.0,7134100.0,6041900.0,4782800.0,25.05,0.48,1.04,2.17,26.93,19.31,0.0144472243194591,273.567,0.09,5.2,178.4,76.06927315665179,178.74291666666667,0
309,Utilities,0.0172114029978544,-0.0093773247978886,-0.0017020563445778,-0.0142611003583852,8106400.0,5282600.0,5020400.0,3245200.0,-6.78,6.96,0.66,5.83,-397.07,58.58,0.0324317780244669,242.839,0.66,4.7,11.59666666666667,72.37569060773484,11.665833333333332,0
310,Consumer Discretionary,0.0039916130375201,0.0015447624229229,0.0037392389617321,0.0007300994457831,5837900.0,4715600.0,7418100.0,4766000.0,16.73,0.47,0.7,3.16,16.77,1.49,0.0200389368809553,243.801,0.66,4.4,110.83333333333331,50.691244239631374,110.77541666666669,1
311,Health Care,8.780025161796108e-08,-1.756005186536919e-07,0.0548095770617285,-0.0102396267726256,2548200.0,2601500.0,3176100.0,3310900.0,5.26,0.33,1.66,0.64,5.08,14.27,0.0179158712183918,241.729,0.4,4.9,47.616666666666674,58.36177474402733,47.6725,1
313,Health Care,0.0226662237850344,0.0306773942333536,0.0079315784158032,-0.0133888879236385,1197900.0,1686100.0,1594900.0,1594900.0,37.24,1.5,1.72,2.8,27.6,16.4,0.0160569007991972,303.363,4.83,3.4,171.1766666666667,100.0,170.81583333333333,1
315,Energy,0.0849439892526459,-0.0180933318860967,0.005769698809385,-0.0035385182773392,4743200.0,4531400.0,8035000.0,6934500.0,-26.05,0.61,2.67,-12.1,-92.5,3.47,0.0252396610948551,243.801,0.91,4.4,23.079166666666666,100.0,23.14998333333333,0
319,Health Care,0.0235022165479369,0.0100070800919586,0.0539612093797341,-0.0283602695275718,7494700.0,6309100.0,5977700.0,6854100.0,17.06,10.38,0.56,8.82,30.52,39.21,0.0164741116706077,263.014,0.07,6.2,43.94999999999999,100.0,44.04666666666667,0
320,Energy,0.0146933698292205,0.0711194361115505,-0.0053510252133879,-0.0267817659368576,3550800.0,4164600.0,4981000.0,2504800.0,-5.75,0.65,2.05,6.88,-9.07,-4.34,0.0226467709714725,252.439,1.93,3.7,71.37333333333333,44.33333333333328,70.85625,1
322,Utilities,0.0875915533679382,-0.1789386686564278,0.1564357284693351,0.0364288919004802,6843000.0,4103200.0,6319600.0,6319600.0,-0.58,8.01,1.14,13.09,-950.23,-27.52,0.0239910570959444,237.111,0.38,4.9,10.11,98.974358974359,10.170833333333333,0
323,Industrials,0.0437752915535827,-0.004283148773679,0.0205708215380812,-0.0184250268025335,3492100.0,7028800.0,5481600.0,7446700.0,51.32,1.36,1.98,-3.62,7.67,12.5,0.0294136973336048,278.802,0.08,3.9,41.1,85.6759176365264,40.97375,1
324,Consumer Discretionary,0.1543536521654862,-0.0194956540868875,0.0660081424439378,-0.1715997761848098,1032800.0,780900.0,783400.0,751500.0,16.24,2.35,1.9,9.56,-30.55,-20.1,0.0411676885674883,256.389,0.05,14.7,1389.6900000000005,98.06613721003278,1383.6458333333337,1
325,Consumer Discretionary,0.0202307702888984,-0.0152289598255184,0.0093702348637042,0.0123643392871209,1067500.0,824200.0,2703900.0,1015500.0,29.77,1.72,0.36,2.23,21.98,22.04,0.0124579194940102,246.524,1.42,4.1,96.08666666666664,100.0,95.99166666666666,0
326,Consumer Discretionary,-0.051253573408417,0.0136922399695012,0.0290485261724626,-0.0353751012465774,1816400.0,1250900.0,2945800.0,6287600.0,33.71,0.94,0.52,2.77,6.12,10.86,0.0170789266617121,237.111,0.29,4.9,104.17000000000002,31.2835067801955,103.73666666666666,1
327,Energy,-0.0396215321950877,0.026715190441478,0.0687864599378745,-0.0178457555624952,896500.0,1450400.0,1524000.0,720300.0,162.83,0.01,0.3,-1447.08,22.8,-464.52,0.021833437545291,245.519,1.16,4.4,16.526666666666667,13.125000000000014,16.4825,0
328,Consumer Discretionary,0.0453518624615096,0.0319779780888326,0.0303295666359199,-0.0191545047101626,1152500.0,665400.0,948000.0,840000.0,23.13,0.16,1.86,1.95,6.66,4.41,0.0227978538471418,264.877,0.07,6.1,101.65333333333332,78.59824780976211,101.40333333333334,1
329,Consumer Discretionary,-0.0499254897529756,0.0648680910069779,0.0590336441884287,-0.0120382280485867,4742400.0,5217100.0,4994100.0,5593800.0,2.11,1.47,0.45,11.83,6.26,18.21,0.0457470677330995,241.428,0.4,5.0,51.96333333333333,20.427881297446493,51.75333333333333,1
330,Technology,-0.0609756475778029,0.046808569352518,-0.2166666984558105,-0.1452991429769052,344000.0,298100.0,530700.0,578200.0,-7.21,0.41,1.02,-4.34,-24.05,8.08,0.0528166473227327,236.916,0.38,4.8,2.303333333333333,34.54545454545461,2.3095833333333333,1
331,Technology,-0.0303368256672719,0.0607054370434436,0.0039574709381493,-0.0413338438049672,420000.0,538700.0,297400.0,255800.0,129.63,0.04,0.1,0.25,21.59,8.09,0.0289233804092612,274.31,0.06,4.8,493.0533333333333,36.8445610965296,496.5829166666667,1
332,Industrials,-0.0387039907889692,0.0216382919644701,-0.0039769354084353,0.0133904749632009,1537900.0,882400.0,882400.0,1076800.0,27.03,0.51,0.46,-28.49,51.62,48.82,0.0183717684985987,300.84,4.58,3.6,76.86333333333334,0.0,76.915,1
333,Telecommunications,0.0301786589874161,0.1048278558156425,0.0198586341203931,0.0615072823482848,7120900.0,7654200.0,9692000.0,10409000.0,12.12,1.47,1.5,6.41,9.39,15.28,0.0223333977077538,263.014,0.08,6.2,41.53,72.54374158815612,41.864583333333336,1
334,Utilities,-0.0249727419571243,0.0207960838945677,0.0083426731112211,-0.017718761328979,2666200.0,4572900.0,4108700.0,2009300.0,42.36,0.9,0.52,3.7,4.4,5.21,0.0139799384553915,244.524,0.91,4.4,44.49333333333333,13.81578947368424,44.649166666666666,1
335,Technology,0.0014244598881913,0.0265415786955055,0.0322387489192433,-0.0439198112108102,1771200.0,2815200.0,1872600.0,4314300.0,-78.37,3.52,1.23,-0.21,-13.51,23.36,0.0238745366106318,271.696,0.1,5.9,122.93208888888888,67.66452551205927,123.50625555555555,1
338,Technology,0.0098038965137469,0.0372881485243975,-0.0166666666666666,-0.0221642861281544,176300.0,30200.0,82800.0,265400.0,8.57,0.05,0.76,-2.99,1.96,4.0,0.0331424460291372,252.776,2.4,3.8,15.4,61.67076167076157,15.439583333333331,1
339,Technology,0.0213420058829605,0.0733642571017258,0.0416405133591266,-0.0174686559493746,2035000.0,1782900.0,1885200.0,2551900.0,21.67,-1.4,0.69,3.88,9.69,6.43,0.0189818352216942,297.711,3.83,3.6,71.21333333333332,76.48236177132847,71.84875,1
340,Health Care,0.0576644264677162,-0.0211045973808063,0.0026460805191121,-0.0298017432979512,3329500.0,6191700.0,2870800.0,2787400.0,10.61,1.1,0.82,9.49,12.15,10.0,0.0146126147297893,305.109,5.08,3.6,96.70666666666666,78.6156111929308,98.69416666666666,0
342,Health Care,0.0035257131178426,0.0129698428243798,0.0292127707420531,-0.0835105904818357,11325100.0,7356700.0,7356700.0,7276700.0,31.55,-15.86,0.49,9.03,33.25,51.43,0.0164190913277118,296.311,0.83,3.6,54.19999999999999,58.93719806763259,54.130833333333335,1
345,Technology,0.0081903517607529,-0.0018749831019776,0.0022927900491965,-0.0148118536641179,36662000.0,25884000.0,21436000.0,32654000.0,26.44,0.05,5.22,-0.63,20.37,21.99,0.0202076898414277,238.638,0.13,5.3,26.71133333333334,71.76088720584278,26.74191666666667,1
347,Consumer Discretionary,-0.0004761710999503,-0.0063091721806289,-0.0344197686594808,-0.0366784017852065,235700.0,209600.0,209600.0,91900.0,19.35,0.66,0.78,3.78,8.55,17.15,0.0239654981336249,259.101,0.09,10.2,63.56333333333333,39.31297709923661,63.32416666666666,1
349,Industrials,0.0480193133635206,0.0451463692525038,0.1068308097531973,0.051413829068424,1057500.0,1037600.0,1961500.0,2252300.0,28.02,0.7,3.25,1.87,21.62,-16.46,0.0178194660108713,259.101,0.09,10.2,292.2566666666667,85.94890510948898,292.67625,0
352,Technology,0.0275576835176323,-0.0609285058304247,-0.0133280308142924,0.0118295239752867,2166400.0,4044700.0,2476100.0,1688000.0,61.02,0.48,1.11,2.44,5.52,7.53,0.0294109647608955,300.84,4.57,3.6,413.2033333333333,50.56360708534624,409.82625,0
353,Utilities,0.006310830754191,0.0017355086521466,0.0019871351875733,0.0063750353857781,1288300.0,1828000.0,2454100.0,1631300.0,23.06,2.26,0.2,-0.38,20.92,-3.93,0.0129421367145523,246.669,1.16,4.2,81.83666666666667,45.26198439241902,81.65791666666667,0
354,Basic Materials,0.0361045050147574,-0.0216791383628162,0.0175134486822907,-0.0178572182244075,1229700.0,853200.0,1056400.0,966600.0,17.7,0.88,3.04,5.8,32.0,28.05,0.0259240671274055,300.84,4.58,3.6,75.44666666666667,80.70953436807108,75.50791666666666,0
355,Health Care,0.0105671730692518,0.0504452453076098,0.0019822185689606,0.0063165442516425,5151000.0,5593300.0,5332200.0,6545400.0,37.89,0.5,1.83,2.84,14.56,19.11,0.0203339219277531,252.146,1.92,3.8,95.93333333333332,93.3070866141732,96.115,1
359,Utilities,-0.050130045162819,-0.0365976065242709,-0.0478918017656902,-0.0449777521819804,1555100.0,2346400.0,3292600.0,2270400.0,24.01,-2232.64,2.03,-1.47,31.23,9.05,0.0662072493515065,258.678,1.58,3.5,54.97,15.52083333333334,55.087083333333325,1
361,Health Care,0.1221361291787027,0.029105705943534,0.0009765848735701,0.0475702818114848,923500.0,434800.0,788200.0,681800.0,-24.0,0.02,11.96,-12.06,-375.03,-326.37,0.039075318874022,249.554,1.42,4.0,133.9333333333333,90.88545230600792,135.69333333333333,1
362,Energy,0.0308350825384797,0.0118080703404455,-0.055555577885553,-0.0346666333498804,3408600.0,4389600.0,3344000.0,2776300.0,3.79,0.61,1.11,0.12,5.59,2.34,0.0216839259101584,304.127,5.08,3.7,94.32,77.61426978818278,95.02541666666669,0
364,Technology,-0.005258798138185,0.0326981357246209,-0.0006366214134058,-0.0019800331326487,200900.0,227900.0,256100.0,342800.0,27.18,1.22,2.44,1.67,25.63,18.82,0.0221141473950193,257.971,1.55,3.5,276.98,32.151529868868266,275.95416666666665,1
365,Energy,-0.0448978935723572,-0.0424858838461845,0.0065988492350616,-0.0003807763241545,4825604.0,4224582.0,3012521.0,3012521.0,-26.58,0.25,1.31,5.93,5.01,-20.26,0.0194628576581906,238.654,0.13,5.2,73.51493333333335,6.198906561663673,73.58656666666667,1
366,Health Care,-0.0221104729298899,-0.0242369564866951,0.1135000743812524,-0.0286645847763261,1897000.0,4486400.0,2924900.0,2729600.0,20.08,1.16,4.76,1.67,30.78,62.89,0.0257118798450442,238.316,0.14,5.1,168.97333333333333,19.065247570569163,168.64375,1
367,Consumer Discretionary,-0.0128093231685703,0.0047993075099261,0.0177619707477839,0.0148715180149654,1147594.0,1015168.0,1432686.0,1654745.0,-24.53,0.35,3.12,-135.09,-6.2,-3.78,0.0373800526658536,236.119,0.06,5.4,15.900433333333332,36.61810533734157,15.860675,1
368,Health Care,0.0594956635663279,-0.0195725267385315,0.0023231720904342,0.0236491149356166,9061800.0,5747700.0,5325400.0,4025300.0,17.53,1.19,0.78,3.96,15.84,33.32,0.0301098861256823,307.026,5.33,3.8,78.29333333333334,93.78343949044586,78.92541666666668,0
369,Energy,0.0430406469472303,-0.0457606651146168,0.0462392883345868,0.0393746146949145,13328500.0,17231400.0,7003900.0,7375800.0,-0.98,1.96,1.02,-3.85,-143.74,-26.62,0.0275427992442673,241.018,0.38,4.9,36.03333333333333,83.0008673026886,36.439166666666665,1
371,Technology,-0.0289608312790884,0.0477465284297082,0.1990368757120028,-0.1146376128055281,2298400.0,1917800.0,2736900.0,3667800.0,-58.5,0.07,5.88,-248.01,-35.89,-33.54,0.0402590870706611,256.389,0.05,14.7,23.50666666666666,31.499051233396592,23.264166666666668,1
373,Energy,0.0020527509828609,0.0379971807288821,-0.0342198538287739,-0.0374136966876082,948300.0,798500.0,782300.0,1030600.0,-41.4,0.81,0.63,7.42,13.94,16.32,0.0213108883416418,267.054,0.07,6.1,29.316666666666663,59.18367346938762,29.280833333333334,0
374,Technology,0.0203081445490911,-0.0034449195732188,0.0176938055355,0.0154639093872936,3909600.0,3274300.0,3638300.0,3653200.0,-45.86,1.22,1.74,-22.74,4.81,18.7,0.0394423237111418,242.839,0.66,4.7,71.02666666666667,57.53660637381572,70.95416666666667,1
377,Health Care,-0.0183396615433449,0.0264809150324316,0.0123236940726747,-0.0265892766482847,3375600.0,7995500.0,7344300.0,2764000.0,33.12,0.73,1.55,3.62,13.95,15.38,0.0175795291831177,277.948,0.08,4.2,79.69,46.09469850263065,80.0675,0
378,Technology,0.0033284104127628,0.0215962727693407,0.0508196778078681,-0.0152159818344184,186000.0,146900.0,113800.0,190700.0,93.5,0.3,3.17,-3.0,12.54,20.92,0.0326676611793718,267.054,0.07,6.1,446.7666666666667,52.3278949462792,446.3079166666666,1
379,Technology,-0.0304263378476058,0.0631378158516497,-0.0668281278763873,0.0048661021611063,2338900.0,887000.0,1066800.0,845400.0,8.33,1.39,0.4,7.03,3.49,7.34,0.0363489918965874,296.808,2.33,3.5,59.00666666666667,44.237918215613455,59.25833333333333,0
380,Technology,0.0195178796631678,0.0024769264947332,0.0419347647955754,0.0365684261973717,6485100.0,6240200.0,8040300.0,8196000.0,28.14,-37.92,0.65,0.7,15.29,13.28,0.029338157891566,303.363,4.83,3.4,95.61666666666667,86.0655737704927,95.40083333333334,1
381,Finance,-0.0320018090034905,0.0527684231282834,-0.032972345674896,-0.0007842283628072,2319900.0,1894500.0,1977000.0,3720000.0,22.13,0.66,0.31,1.86,18.68,-4.53,0.0252476398937352,260.229,0.09,6.7,42.0221888888889,25.70669243778672,42.06149444444445,0
382,Technology,-0.0225821841612268,0.060937484105428,0.0529779744220714,-0.0422313706204118,283000.0,219200.0,210200.0,282100.0,72.68,0.15,1.47,0.87,16.67,28.25,0.0381483466774671,260.474,0.09,6.7,101.25666666666666,23.39066339066344,100.87333333333332,1
383,Consumer Discretionary,0.0146780695262474,0.0035216526201045,0.0140562750879725,0.0672641184392171,10074400.0,6237700.0,7529200.0,9926000.0,106.2,1.26,0.98,-0.69,1.51,-10.38,0.0395860927232736,238.638,0.13,5.3,89.53896190476189,87.97294827271064,89.8049738095238,0
384,Technology,-0.0617760531479606,-0.0624141800262814,-0.0009976534308393,-0.0157112895558862,592400.0,777600.0,445900.0,344000.0,46.52,0.06,3.93,-4.63,10.62,3.1,0.0251397893496326,236.916,0.36,4.8,70.38666666666667,10.728476821191926,70.83416666666666,0
385,Industrials,-0.0234250974855459,0.0106720664072657,-0.002569345377873,-0.0021977416777544,1345200.0,756900.0,709500.0,860200.0,20.33,0.69,0.45,4.17,29.74,21.17,0.0169675609626996,246.663,1.16,4.2,80.50999999999999,1.0989010989001111,80.64541666666668,1
386,Utilities,-0.0092365603844226,0.0692977751561401,-0.0200741552325876,-0.0358887679119469,3428000.0,3970300.0,3968700.0,5877300.0,36.48,1.69,0.38,1.75,18.98,-2.55,0.0134119480815366,305.109,5.08,3.6,52.48,39.9380804953562,52.58041666666667,1
387,Consumer Discretionary,-0.0145950480411434,0.0647602989222795,-0.0501424397562266,-0.0251689679844279,1248300.0,1479600.0,1333200.0,2114100.0,26.2,3.5,0.48,1.86,7.76,-1.25,0.0185080945027041,257.797,0.08,11.0,190.68757777777773,43.680709534367935,191.05882777777776,0
388,Technology,0.0227037865180491,-0.0557396323095853,-0.0121293274947066,-0.0187039802146003,862600.0,987700.0,1005300.0,929400.0,-28.7,0.09,4.65,-0.16,-15.68,-21.26,0.040256057677421,252.439,1.92,3.7,48.50333333333333,76.53061224489792,48.81208333333333,1
389,Telecommunications,0.0467651159891275,-0.0321592542951692,0.0056468487133719,-0.0188046125043288,219000.0,219000.0,213100.0,175100.0,7.49,0.07,17.79,-0.19,30011.94,-232.6,0.0167547971044621,240.628,0.4,4.8,59.60666666666668,85.47008547008534,59.3425,1
390,Utilities,0.0269461364518238,-0.0134084252812125,0.0404148564723906,0.0322903757247309,2224500.0,1868600.0,3935400.0,2897900.0,22.62,2.32,0.18,0.02,22.03,-0.93,0.0130407811498454,241.432,0.41,4.7,74.49666666666667,85.18518518518499,74.70375,1
391,Technology,0.0256232089418445,0.0066769782044305,-0.0205149900333983,0.0079101449295011,1623200.0,847900.0,795800.0,1045300.0,23.01,-5.3,0.69,-0.74,9.11,11.16,0.0237628948673595,256.092,2.39,3.7,147.41333333333333,69.42482341069663,146.7795833333333,1
393,Consumer Discretionary,0.0389721618734583,0.0529080535072428,-0.0525661488036648,0.0055814646267069,317300.0,349100.0,268100.0,317800.0,35.68,0.84,0.44,2.01,17.46,11.25,0.0192247638749818,276.589,0.08,4.5,408.5833333333333,98.6132387325647,410.29125,0
395,Health Care,0.0252857713614347,0.0136019254538191,-0.0317925412280914,0.046609039169766,397800.0,700000.0,700000.0,349600.0,16.54,0.08,3.5,0.71,226.25,177.41,0.0433218995798567,252.776,2.4,3.8,422.36,81.39663262489648,420.6575,0
397,Technology,0.0091234215762674,0.0323504916343392,-0.010534855172887,0.0189926096144706,1429900.0,2303000.0,1749800.0,1608100.0,28.44,0.64,1.56,5.89,10.89,14.17,0.0314415449587836,240.849,0.3,4.9,25.510000000000005,58.53658536585389,25.471666666666668,1
398,Health Care,-0.0648926252997484,0.0776466727884593,0.0089933126454851,-0.0880741151099064,3292100.0,3286900.0,3879200.0,2623200.0,192.7,0.95,4.54,-2.46,15.47,-4.87,0.0353860553165315,296.311,0.83,3.6,69.62666666666667,44.790812141099295,70.9253125,0
399,Energy,0.0933631708772141,0.0018179925465421,-0.0254411310216006,0.0580984243832418,3664300.0,4776200.0,25284700.0,4230000.0,11.14,0.24,1.87,4.34,32.84,36.88,0.0246634993259892,287.504,0.33,3.6,122.28,79.63004737198285,121.73458333333332,0
401,Technology,0.2099934151759286,-0.0242697816749519,0.0674003327234656,0.0025281685726272,5625800.0,4393400.0,4728100.0,5878500.0,603.59,0.15,1.87,2.15,-5.06,22.82,0.0452215960189969,296.171,2.33,3.7,52.73666666666666,100.0,52.9525,0
402,Telecommunications,0.0118134768984405,0.0031182057168068,0.0077518033645546,0.0271142020410211,327000.0,540100.0,540100.0,633300.0,17.78,1.27,0.42,1.09,14.1,20.94,0.0143571074446525,246.669,1.16,4.2,48.60999999999999,98.63945578231318,48.623333333333335,0
403,Consumer Staples,0.0215767067274443,0.0079206025855519,-0.0098364305790302,0.0275919598474165,7660800.0,6666900.0,8513900.0,5037700.0,13.34,1.16,0.54,1.94,3.22,2.99,0.0195508688605343,267.054,0.07,6.1,76.12,95.58948261238352,76.24375,0
404,Health Care,0.048450379097327,-0.1170179705293498,-0.0333429690710907,-0.0181560106496033,1186800.0,1285600.0,1231400.0,1389200.0,-68.3,1.07,0.56,7.55,0.83,-0.59,0.0204369884041031,254.202,2.4,3.8,116.93333333333332,94.41674975074774,116.74625,1
405,Technology,0.019031989307324,-0.0291563652570615,-0.0264178845858879,0.0316241031483172,31098000.0,20546000.0,27718000.0,33306000.0,30.7,0.07,3.26,1.67,18.17,22.46,0.0192549550998965,259.918,0.1,8.4,74.74333333333333,72.52816812254716,74.88122916666666,1
406,Consumer Staples,0.0187846252979035,-0.0033040081762156,-0.0090943365794739,-0.0125720045119205,4444100.0,3317000.0,4212300.0,2848800.0,42.39,0.68,0.18,281.07,11.17,19.74,0.0160890133469567,256.759,2.13,3.5,27.69333333333333,54.06824146981628,27.655,0
407,Consumer Discretionary,0.0070352792602813,-0.0056212714505139,0.0028816942771132,-0.0259916514263868,1345400.0,1174800.0,2171600.0,1228600.0,43.7,0.96,0.84,-0.53,6.01,13.92,0.0188867652981099,244.524,0.91,4.4,80.25333333333332,55.749128919860624,80.22041666666667,0
408,Consumer Discretionary,-0.057814431482422,-0.0347826629886647,-0.0257828073121583,-0.0079653476152875,1873300.0,2353500.0,1916500.0,1492200.0,31.6,0.27,0.46,2.03,33.75,45.31,0.021789257268385,292.296,0.83,3.6,123.00666666666672,21.81242221970808,122.94333333333331,0
409,Energy,-0.2014304835618935,0.2887864233070887,-0.0433504578313735,-0.1253213786129856,49502200.0,37197400.0,36902400.0,44491700.0,-2.69,1.27,0.5,7.76,-33.54,-5.95,0.0206724037708398,256.394,0.05,13.2,14.746666666666664,4.347826086956513,14.495833333333334,1
410,Consumer Discretionary,-0.0171318175848798,0.0055253148214681,-0.0955416482032386,-0.003904318316359,2011100.0,2366900.0,2411400.0,2165900.0,32.49,0.88,0.88,3.14,-5.03,18.77,0.0175577281215987,241.729,0.41,4.9,92.28,21.500386697602423,92.05208333333331,1
411,Industrials,-0.0152642977863563,-0.0216974203281033,-0.074314533528453,-0.0008854857926209,2298600.0,1293800.0,1933000.0,1345200.0,24.46,0.35,1.95,2.51,19.7,12.21,0.0176332340685758,252.885,2.2,3.8,150.6233333333333,44.61138935262476,150.69958333333335,1
413,Finance,-0.0057778305092058,0.0040008850426918,0.0162682896980763,0.0157786769424711,1758800.0,780600.0,1061200.0,1286800.0,21.5,0.76,0.89,-3.08,10.51,-0.83,0.0162654582909986,241.428,0.4,5.0,49.85666666666668,46.73366834170852,49.83291666666666,1
416,Telecommunications,-0.0206922211677666,-0.0313411295048685,-0.0154287869475216,0.0134545759721235,2703500.0,3270600.0,2822300.0,2214800.0,-20.0,2.31,1.16,-23.18,7.59,18.35,0.0214500581643804,252.006,1.91,3.8,26.05,34.24317617866011,26.1175,1
417,Technology,-0.0725246989064408,0.0266835562477985,0.0157460145571629,-0.0135800244293446,7335700.0,3964000.0,2172900.0,1624000.0,-19.3,2.05,2.03,-3.58,-93.82,13.29,0.028981013096443,271.696,0.06,5.9,116.06000000000002,24.607639917086136,114.63916666666668,1
418,Health Care,-0.0163720369728379,0.0170140075797558,0.004806022532389,0.0075926461066143,1790500.0,2083700.0,4343200.0,2724700.0,15.17,0.72,1.39,6.71,4.29,5.16,0.0196126352919219,238.654,0.13,5.2,164.14,46.861313868613166,164.98541666666665,0
419,Industrials,0.0357104521557654,-0.0225818860123418,0.0051298588884783,-0.0147811760641653,2246400.0,2238600.0,2512000.0,2842400.0,25.42,1.05,0.84,3.39,13.54,-1.64,0.0190931681176177,292.296,0.83,3.6,193.29666666666665,100.0,193.94833333333327,0
